city_code,CAGR,Geometric Mean Return,Annualized Volatility,Sharpe Ratio,City Name
01101,4.71%,5.68%,9.39%,0.605,札幌市中央区
01102,4.83%,5.14%,6.33%,0.813,札幌市北区
01103,3.23%,3.40%,5.92%,0.573,札幌市東区
01104,3.02%,3.15%,5.35%,0.590,札幌市白石区
01105,2.91%,3.20%,5.34%,0.599,札幌市豊平区
01106,1.07%,1.03%,4.93%,0.208,札幌市南区
01107,3.15%,3.24%,4.74%,0.683,札幌市西区
01108,3.21%,3.32%,5.91%,0.562,札幌市厚別区
01109,2.98%,2.83%,5.73%,0.494,札幌市手稲区
01110,2.64%,2.61%,5.71%,0.458,札幌市清田区
01202,-1.88%,-1.77%,2.35%,-0.755,函館市
01203,0.25%,0.04%,4.69%,0.008,小樽市
01204,-1.22%,-1.17%,1.98%,-0.592,旭川市
01205,-1.84%,-1.94%,1.04%,-1.865,室蘭市
01206,-1.23%,-1.34%,2.45%,-0.549,釧路市
01207,0.48%,0.47%,4.09%,0.116,帯広市
01208,-1.50%,-1.69%,3.19%,-0.531,北見市
01209,-5.51%,-5.77%,1.78%,-3.240,夕張市
01210,-2.93%,-3.26%,2.96%,-1.099,岩見沢市
01211,-2.71%,-2.77%,1.62%,-1.705,網走市
01212,-5.63%,-5.88%,5.77%,-1.019,留萌市
01213,-1.15%,-1.21%,1.60%,-0.755,苫小牧市
01214,-4.14%,-3.98%,4.61%,-0.864,稚内市
01215,-7.00%,-7.15%,3.69%,-1.938,美唄市
01216,-5.10%,-4.71%,2.34%,-2.010,芦別市
01217,2.86%,2.81%,7.73%,0.364,江別市
01218,-4.76%,-4.65%,2.69%,-1.728,赤平市
01219,-5.52%,-5.47%,6.10%,-0.896,紋別市
01220,-4.23%,-4.23%,2.86%,-1.475,士別市
01221,-1.88%,-2.03%,3.02%,-0.673,名寄市
01222,-5.39%,-4.44%,4.50%,-0.986,三笠市
01223,-3.09%,-3.33%,5.37%,-0.620,根室市
01224,2.38%,2.23%,8.13%,0.274,千歳市
01225,-3.51%,-3.67%,3.11%,-1.179,滝川市
01226,-4.96%,-4.92%,3.05%,-1.613,砂川市
01227,-5.56%,-4.78%,4.96%,-0.964,歌志内市
01228,-6.38%,-6.50%,4.85%,-1.341,深川市
01229,-0.07%,-0.46%,4.55%,-0.101,富良野市
01230,-1.84%,-1.98%,2.11%,-0.935,登別市
01231,3.15%,2.77%,8.27%,0.335,恵庭市
01233,-0.58%,-0.19%,2.30%,-0.081,伊達市
01234,3.62%,3.28%,9.76%,0.336,北広島市
01235,1.95%,1.58%,8.43%,0.187,石狩市
01236,-1.38%,-1.40%,2.40%,-0.584,北斗市
01303,-5.77%,-5.76%,2.28%,-2.525,当別町
01332,-3.82%,-3.83%,0.53%,-7.267,福島町
01334,-4.05%,-4.05%,1.55%,-2.604,木古内町
01337,-0.39%,-0.63%,4.54%,-0.139,七飯町
01345,-4.24%,-4.29%,1.63%,-2.624,森町
01346,-3.68%,-3.74%,0.88%,-4.260,八雲町
01347,-4.61%,-4.66%,2.32%,-2.010,長万部町
01361,-5.71%,-5.69%,1.39%,-4.109,江差町
01370,-3.57%,-3.57%,2.07%,-1.726,今金町
01371,-3.26%,-3.25%,1.39%,-2.333,せたな町
01400,11.60%,10.66%,18.62%,0.573,倶知安町
01401,-1.58%,-1.51%,2.96%,-0.510,共和町
01402,-4.47%,-4.58%,2.88%,-1.592,岩内町
01406,-5.77%,-5.64%,2.01%,-2.800,古平町
01408,-4.64%,-4.79%,2.10%,-2.281,余市町
01423,-4.03%,-4.16%,2.69%,-1.546,南幌町
01424,-5.89%,-5.83%,0.91%,-6.442,奈井江町
01428,-2.59%,-2.67%,1.20%,-2.230,長沼町
01429,-3.99%,-3.94%,1.89%,-2.090,栗山町
01432,-4.07%,-4.41%,1.71%,-2.587,新十津川町
01452,-0.49%,-0.73%,6.59%,-0.111,鷹栖町
01453,-1.54%,-1.65%,3.98%,-0.414,東神楽町
01457,-4.21%,-4.23%,1.26%,-3.347,上川町
01459,-4.08%,-4.28%,3.69%,-1.161,美瑛町
01460,-3.80%,-4.11%,2.76%,-1.492,上富良野町
01468,-2.21%,-2.13%,11.38%,-0.187,下川町
01469,-5.26%,-5.24%,15.41%,-0.340,美深町
01481,-4.50%,-4.36%,2.92%,-1.494,増毛町
01484,-5.36%,-5.43%,7.83%,-0.693,羽幌町
01512,-6.20%,-6.18%,8.25%,-0.749,浜頓別町
01514,-4.61%,-4.72%,7.42%,-0.636,枝幸町
01543,-2.73%,-2.83%,1.39%,-2.035,美幌町
01545,-2.37%,-2.39%,0.69%,-3.472,斜里町
01555,-2.91%,-3.18%,2.96%,-1.076,遠軽町
01560,-5.82%,-5.61%,8.08%,-0.694,滝上町
01561,-4.92%,-4.81%,5.94%,-0.810,興部町
01563,-3.65%,-3.62%,0.58%,-6.267,雄武町
01564,-2.46%,-2.40%,0.92%,-2.610,大空町
01575,-2.25%,-2.28%,0.99%,-2.291,壮瞥町
01578,-2.93%,-2.90%,1.92%,-1.514,白老町
01581,-1.12%,-1.16%,3.06%,-0.379,厚真町
01584,-4.10%,-3.90%,1.44%,-2.705,洞爺湖町
01585,-3.48%,-3.49%,3.36%,-1.039,安平町
01586,-3.06%,-3.03%,1.83%,-1.652,むかわ町
01601,-4.31%,-4.32%,1.63%,-2.651,日高町
01607,-3.19%,-3.39%,3.61%,-0.937,浦河町
01610,-2.22%,-2.23%,1.53%,-1.460,新ひだか町
01631,0.99%,0.76%,4.23%,0.180,音更町
01635,-3.28%,-3.31%,2.12%,-1.558,新得町
01636,-4.25%,-4.23%,1.92%,-2.203,清水町
01637,0.78%,0.70%,5.53%,0.127,芽室町
01641,-4.25%,-4.26%,2.38%,-1.790,大樹町
01642,-5.20%,-5.38%,2.51%,-2.146,広尾町
01643,2.46%,2.21%,6.35%,0.347,幕別町
01644,-4.59%,-4.61%,2.27%,-2.033,池田町
01646,-3.05%,-3.17%,1.16%,-2.744,本別町
01647,-3.24%,-3.14%,1.26%,-2.499,足寄町
01649,-2.68%,-2.88%,1.97%,-1.466,浦幌町
01661,0.45%,0.25%,12.46%,0.020,釧路町
01662,-1.51%,-1.60%,1.95%,-0.822,厚岸町
01664,-1.50%,-1.54%,2.19%,-0.707,標茶町
01665,-1.91%,-1.93%,2.60%,-0.743,弟子屈町
01668,-2.93%,-3.01%,5.83%,-0.516,白糠町
01692,-1.23%,-1.31%,2.17%,-0.606,中標津町
02201,-2.20%,-2.32%,2.44%,-0.954,青森市
02202,-1.93%,-2.04%,2.27%,-0.901,弘前市
02203,-1.78%,-2.03%,2.72%,-0.744,八戸市
02204,-2.91%,-3.21%,2.59%,-1.238,黒石市
02205,-2.52%,-2.66%,2.56%,-1.038,五所川原市
02206,-2.28%,-2.49%,2.80%,-0.890,十和田市
02207,-2.18%,-2.49%,3.03%,-0.821,三沢市
02208,-1.54%,-1.85%,2.72%,-0.680,むつ市
02209,-3.20%,-3.33%,2.70%,-1.231,つがる市
02210,-1.89%,-2.09%,3.63%,-0.576,平川市
02301,-3.73%,-3.96%,2.41%,-1.641,平内町
02307,-4.46%,-4.53%,1.84%,-2.470,外ヶ浜町
02321,-4.23%,-4.43%,2.32%,-1.904,鰺ヶ沢町
02361,-3.29%,-3.32%,3.31%,-1.005,藤崎町
02362,-4.23%,-4.38%,2.99%,-1.462,大鰐町
02367,-2.93%,-3.11%,2.55%,-1.218,田舎館村
02381,-3.44%,-3.61%,2.40%,-1.508,板柳町
02384,-3.19%,-3.39%,2.18%,-1.553,鶴田町
02401,-3.59%,-3.75%,2.32%,-1.617,野辺地町
02402,-4.02%,-4.15%,2.17%,-1.916,七戸町
02405,-2.95%,-2.95%,1.91%,-1.542,六戸町
02408,-3.24%,-3.37%,1.84%,-1.834,東北町
02411,-3.31%,-3.45%,3.32%,-1.039,六ヶ所村
02412,0.54%,0.27%,6.63%,0.041,おいらせ町
02441,-1.76%,-2.09%,8.70%,-0.240,三戸町
02442,-2.98%,-3.22%,3.68%,-0.876,五戸町
02445,-3.13%,-3.39%,2.18%,-1.555,南部町
02446,-3.39%,-3.48%,2.30%,-1.514,階上町
03201,-1.61%,-1.79%,3.57%,-0.502,盛岡市
03202,-1.93%,-2.30%,5.05%,-0.454,宮古市
03203,-1.25%,-1.50%,6.40%,-0.234,大船渡市
03205,-3.13%,-3.21%,3.75%,-0.857,花巻市
03206,-3.20%,-3.37%,3.61%,-0.935,北上市
03207,-4.06%,-4.25%,2.52%,-1.690,久慈市
03208,-1.72%,-3.07%,6.03%,-0.509,遠野市
03209,-2.97%,-3.20%,2.97%,-1.078,一関市
03210,-2.65%,-2.69%,13.13%,-0.205,陸前高田市
03211,-0.95%,-1.27%,3.45%,-0.367,釜石市
03213,-4.36%,-4.46%,2.75%,-1.620,二戸市
03214,-2.84%,-2.86%,1.30%,-2.198,八幡平市
03215,-3.43%,-3.43%,2.16%,-1.584,奥州市
03216,0.93%,0.83%,1.18%,0.707,滝沢市
03301,-3.87%,-3.91%,1.59%,-2.459,雫石町
03303,-4.40%,-4.35%,0.64%,-6.856,岩手町
03305,-6.63%,-6.21%,1.88%,-3.305,
03321,-1.05%,-1.20%,2.62%,-0.460,紫波町
03322,1.49%,1.33%,6.34%,0.210,矢巾町
03381,-1.40%,-1.43%,0.76%,-1.882,金ケ崎町
03402,-2.44%,-2.46%,1.10%,-2.240,平泉町
03461,-2.68%,-2.89%,12.07%,-0.240,大槌町
03482,-3.70%,-3.88%,6.56%,-0.591,山田町
03483,-4.75%,-4.77%,2.23%,-2.141,岩泉町
03503,-2.12%,-2.06%,1.61%,-1.282,野田村
03524,-4.63%,-4.59%,1.77%,-2.594,一戸町
04101,2.94%,4.19%,9.07%,0.462,仙台市青葉区
04102,4.42%,4.66%,6.35%,0.734,仙台市宮城野区
04103,4.82%,4.87%,3.81%,1.277,仙台市若林区
04104,3.50%,3.45%,4.27%,0.808,仙台市太白区
04105,3.21%,3.11%,3.15%,0.988,仙台市泉区
04202,0.24%,0.05%,4.07%,0.012,石巻市
04203,-1.22%,-1.44%,2.24%,-0.645,塩竈市
04205,-0.66%,-1.00%,3.75%,-0.265,気仙沼市
04206,-2.78%,-2.91%,2.77%,-1.051,白石市
04207,2.44%,2.14%,4.25%,0.505,名取市
04208,-1.63%,-1.78%,2.39%,-0.745,角田市
04209,1.16%,0.99%,2.84%,0.348,多賀城市
04211,1.41%,1.11%,3.92%,0.283,岩沼市
04212,-0.97%,-1.18%,1.96%,-0.603,登米市
04213,-1.72%,-1.90%,2.43%,-0.780,栗原市
04214,0.07%,-0.38%,2.66%,-0.142,東松島市
04215,-2.16%,-2.34%,2.28%,-1.027,大崎市
04216,6.43%,6.16%,2.37%,2.597,富谷市
04301,-2.40%,-2.51%,1.78%,-1.412,蔵王町
04321,-0.44%,-0.75%,3.04%,-0.246,大河原町
04322,-2.64%,-2.78%,2.23%,-1.250,村田町
04323,-0.27%,-0.56%,2.99%,-0.187,柴田町
04324,-3.58%,-3.66%,1.26%,-2.906,川崎町
04341,-3.45%,-3.54%,2.00%,-1.768,丸森町
04361,-0.66%,-0.78%,3.30%,-0.235,亘理町
04362,-1.22%,-1.42%,2.73%,-0.519,山元町
04401,-2.64%,-2.95%,3.15%,-0.936,松島町
04404,0.71%,0.37%,4.44%,0.082,七ヶ浜町
04406,2.49%,2.09%,5.41%,0.387,利府町
04421,3.12%,2.72%,4.20%,0.647,大和町
04422,-1.33%,-1.70%,1.73%,-0.983,大郷町
04423,1.65%,1.32%,2.93%,0.453,
04424,0.73%,0.61%,2.57%,0.238,大衡村
04445,-2.43%,-2.51%,0.93%,-2.691,加美町
04501,-2.46%,-2.78%,2.98%,-0.933,涌谷町
04505,-1.84%,-2.28%,4.16%,-0.548,美里町
04581,-1.84%,-1.46%,7.92%,-0.185,女川町
04606,-5.09%,-5.06%,11.18%,-0.452,南三陸町
05201,-2.23%,-2.38%,3.51%,-0.677,秋田市
05202,-4.63%,-4.70%,3.33%,-1.410,能代市
05203,-2.84%,-3.09%,3.00%,-1.030,横手市
05204,-3.13%,-3.20%,2.49%,-1.284,大館市
05206,-4.17%,-4.26%,2.37%,-1.799,男鹿市
05207,-4.08%,-4.32%,3.09%,-1.396,湯沢市
05209,-4.43%,-4.54%,3.85%,-1.179,鹿角市
05210,-3.08%,-3.31%,4.20%,-0.789,由利本荘市
05211,-2.84%,-2.86%,4.33%,-0.661,潟上市
05212,-2.78%,-3.05%,3.31%,-0.923,大仙市
05213,-3.66%,-3.78%,1.17%,-3.228,北秋田市
05214,-4.03%,-3.99%,2.45%,-1.625,にかほ市
05215,-3.32%,-3.36%,2.08%,-1.614,仙北市
05303,-2.74%,-2.61%,2.95%,-0.886,小坂町
05327,-5.74%,-5.54%,0.96%,-5.754,上小阿仁村
05361,-4.70%,-4.76%,1.81%,-2.637,五城目町
05363,-4.30%,-4.38%,1.67%,-2.628,八郎潟町
05434,-4.28%,-4.31%,1.61%,-2.685,美郷町
06201,-0.56%,-0.68%,2.88%,-0.236,山形市
06202,-2.76%,-2.91%,2.61%,-1.114,米沢市
06203,-1.71%,-1.85%,2.28%,-0.814,鶴岡市
06204,-2.04%,-2.25%,3.04%,-0.739,酒田市
06205,-3.16%,-3.35%,2.76%,-1.213,新庄市
06206,-1.80%,-1.93%,1.99%,-0.970,寒河江市
06207,-2.35%,-2.49%,3.02%,-0.824,上山市
06208,-1.42%,-1.70%,5.89%,-0.289,村山市
06209,-2.53%,-2.76%,2.32%,-1.189,長井市
06210,-1.63%,-1.76%,2.39%,-0.735,天童市
06211,0.49%,0.54%,4.15%,0.130,東根市
06212,-3.14%,-3.30%,1.49%,-2.208,尾花沢市
06213,-1.87%,-2.04%,4.61%,-0.443,南陽市
06301,-2.18%,-2.37%,2.34%,-1.014,山辺町
06302,-2.27%,-2.31%,2.22%,-1.039,中山町
06321,-1.70%,-1.81%,1.62%,-1.120,河北町
06322,-3.96%,-3.98%,4.32%,-0.921,西川町
06323,-2.13%,-2.30%,1.78%,-1.288,朝日町
06324,-2.73%,-2.85%,1.50%,-1.895,大江町
06341,-2.43%,-2.51%,1.09%,-2.298,大石田町
06361,-2.73%,-2.82%,0.96%,-2.929,金山町
06362,-2.43%,-2.47%,1.10%,-2.253,最上町
06364,-3.11%,-3.17%,2.22%,-1.427,真室川町
06381,-2.07%,-2.16%,1.85%,-1.165,高畠町
06382,-3.10%,-3.30%,1.90%,-1.742,川西町
06401,-3.68%,-3.79%,1.71%,-2.212,小国町
06402,-2.93%,-3.04%,1.59%,-1.915,白鷹町
06426,-0.68%,0.11%,3.70%,0.031,三川町
06428,-2.15%,-2.30%,1.50%,-1.535,庄内町
06461,-2.88%,-2.99%,1.51%,-1.982,遊佐町
07201,0.13%,0.02%,3.06%,0.007,福島市
07202,-1.02%,-1.11%,2.89%,-0.383,会津若松市
07203,0.77%,0.46%,3.57%,0.130,郡山市
07204,0.83%,0.59%,3.93%,0.149,いわき市
07205,-0.43%,-0.62%,2.94%,-0.210,白河市
07207,-0.84%,-0.99%,2.78%,-0.355,須賀川市
07208,-2.71%,-2.78%,2.69%,-1.035,喜多方市
07209,-1.40%,-1.52%,2.09%,-0.727,相馬市
07210,-0.73%,-0.83%,2.77%,-0.299,二本松市
07211,-1.16%,-1.32%,2.02%,-0.652,田村市
07212,-1.01%,-1.11%,4.06%,-0.273,南相馬市
07213,-0.60%,-0.94%,2.87%,-0.327,伊達市
07214,-1.20%,-1.29%,2.04%,-0.632,本宮市
07301,-1.46%,-1.51%,1.93%,-0.782,桑折町
07303,-0.85%,-0.97%,2.71%,-0.359,国見町
07308,-1.31%,-1.49%,4.71%,-0.316,川俣町
07322,0.44%,0.34%,2.45%,0.139,大玉村
07342,-0.68%,-0.82%,2.48%,-0.329,鏡石町
07368,-2.04%,-2.05%,2.98%,-0.688,南会津町
07405,-2.55%,-2.54%,0.95%,-2.666,西会津町
07407,-2.20%,-2.21%,1.83%,-1.206,磐梯町
07408,-2.22%,-2.29%,1.86%,-1.229,猪苗代町
07421,-0.50%,-0.66%,2.81%,-0.235,会津坂下町
07422,-0.90%,-0.93%,0.98%,-0.943,湯川村
07447,-2.28%,-2.42%,1.48%,-1.634,会津美里町
07461,-1.32%,-1.51%,2.43%,-0.619,西郷村
07464,-1.46%,-1.50%,1.60%,-0.932,泉崎村
07465,-1.31%,-1.34%,1.67%,-0.805,中島村
07466,-2.08%,-2.20%,2.51%,-0.876,矢吹町
07481,-2.54%,-2.60%,2.01%,-1.294,棚倉町
07483,-2.73%,-2.74%,1.60%,-1.711,塙町
07501,-2.06%,-2.11%,1.70%,-1.243,石川町
07502,-0.81%,-0.87%,1.19%,-0.731,玉川村
07503,-1.62%,-1.67%,0.83%,-2.017,平田村
07504,-3.15%,-3.15%,2.21%,-1.424,浅川町
07521,-1.39%,-1.51%,2.35%,-0.642,三春町
07522,-1.99%,-2.09%,1.60%,-1.304,小野町
07541,0.29%,0.11%,2.18%,0.050,広野町
07542,-0.29%,-0.55%,1.92%,-0.288,楢葉町
07543,-3.32%,-5.73%,7.65%,-0.749,富岡町
07545,-8.53%,-7.45%,6.22%,-1.197,大熊町
07546,-4.54%,-4.29%,0.56%,-7.700,双葉町
07547,-2.25%,-3.90%,8.51%,-0.458,浪江町
07561,-0.61%,-0.63%,2.14%,-0.294,新地町
08201,-2.20%,-2.05%,2.22%,-0.925,水戸市
08202,-2.08%,-2.08%,2.24%,-0.929,日立市
08203,-1.33%,-1.38%,2.43%,-0.569,土浦市
08204,-0.94%,-0.96%,1.33%,-0.725,古河市
08205,-1.92%,-2.06%,2.43%,-0.849,石岡市
08207,-1.72%,-1.77%,1.97%,-0.895,結城市
08208,-1.14%,-1.31%,2.17%,-0.603,龍ケ崎市
08210,-2.22%,-2.28%,1.81%,-1.257,下妻市
08211,-2.44%,-2.26%,1.99%,-1.135,常総市
08212,-2.61%,-2.70%,3.59%,-0.752,常陸太田市
08214,-3.88%,-3.91%,2.56%,-1.526,高萩市
08215,-3.62%,-3.63%,2.65%,-1.370,北茨城市
08216,-2.79%,-2.96%,1.98%,-1.499,笠間市
08217,-1.82%,-1.85%,1.85%,-1.001,取手市
08219,-0.80%,-0.86%,3.04%,-0.283,牛久市
08220,0.83%,0.87%,3.60%,0.242,つくば市
08221,-2.26%,-2.53%,2.79%,-0.908,ひたちなか市
08222,-0.67%,-0.88%,2.25%,-0.391,鹿嶋市
08223,-2.80%,-2.78%,3.25%,-0.854,潮来市
08224,2.43%,2.83%,6.33%,0.447,守谷市
08225,-3.73%,-3.61%,3.19%,-1.133,常陸大宮市
08226,-1.68%,-1.76%,1.76%,-0.997,那珂市
08227,-1.66%,-1.73%,1.48%,-1.168,筑西市
08228,-0.96%,-0.98%,1.51%,-0.649,坂東市
08229,-2.59%,-2.74%,4.24%,-0.646,稲敷市
08230,-1.94%,-1.92%,2.05%,-0.935,かすみがうら市
08231,-1.35%,-1.21%,1.50%,-0.810,桜川市
08232,-1.36%,-1.40%,2.08%,-0.674,神栖市
08233,-2.29%,-2.31%,2.53%,-0.916,行方市
08234,-3.11%,-3.24%,3.65%,-0.889,鉾田市
08235,1.24%,1.18%,12.04%,0.098,つくばみらい市
08236,-2.87%,-2.92%,2.56%,-1.140,小美玉市
08302,-2.52%,-2.63%,1.63%,-1.608,茨城町
08309,-2.90%,-2.93%,2.25%,-1.305,大洗町
08310,-4.77%,-4.67%,2.70%,-1.727,城里町
08341,-1.34%,-1.45%,1.43%,-1.015,東海村
08364,-4.31%,-4.25%,2.05%,-2.069,大子町
08442,-3.16%,-3.28%,2.47%,-1.328,美浦村
08443,-1.18%,-1.05%,2.27%,-0.463,阿見町
08447,-3.04%,-3.23%,3.34%,-0.966,河内町
08521,-1.36%,-1.39%,1.13%,-1.230,八千代町
08542,-0.65%,-0.81%,3.48%,-0.232,五霞町
08546,-1.17%,-1.29%,1.23%,-1.048,境町
08564,-3.14%,-3.46%,2.79%,-1.242,利根町
09201,-0.50%,-0.70%,2.41%,-0.292,宇都宮市
09202,-2.73%,-2.70%,1.47%,-1.838,足利市
09203,-3.51%,-3.38%,3.93%,-0.861,栃木市
09204,-2.26%,-2.30%,1.84%,-1.254,佐野市
09205,-1.95%,-1.89%,1.50%,-1.262,鹿沼市
09206,-2.71%,-2.74%,1.99%,-1.378,日光市
09208,-0.74%,-0.85%,2.24%,-0.380,小山市
09209,-2.45%,-2.46%,3.05%,-0.805,真岡市
09210,-2.76%,-2.79%,2.22%,-1.260,大田原市
09211,-3.24%,-3.27%,2.09%,-1.564,矢板市
09213,-2.99%,-3.04%,1.87%,-1.623,那須塩原市
09214,-1.99%,-2.04%,1.45%,-1.403,さくら市
09215,-3.71%,-3.65%,0.79%,-4.652,那須烏山市
09216,-0.82%,-0.88%,1.39%,-0.634,下野市
09301,-1.82%,-1.81%,1.15%,-1.578,上三川町
09321,-4.31%,-3.59%,2.14%,-1.681,
09341,7.69%,2.04%,7.78%,0.262,
09342,-4.14%,-4.10%,1.77%,-2.317,益子町
09343,-3.96%,-3.93%,1.09%,-3.615,茂木町
09344,-3.28%,-3.22%,0.94%,-3.440,市貝町
09345,-2.33%,-2.38%,2.24%,-1.063,芳賀町
09361,-1.69%,-1.70%,1.18%,-1.439,壬生町
09364,-2.04%,-2.16%,2.59%,-0.834,野木町
09365,-3.99%,-3.76%,1.54%,-2.441,
09366,-1.81%,-2.59%,2.96%,-0.874,
09367,-5.71%,-5.44%,2.23%,-2.441,
09368,-4.45%,-4.44%,0.17%,-25.839,
09384,-2.62%,-2.66%,1.09%,-2.431,塩谷町
09386,-1.65%,-1.65%,2.12%,-0.780,高根沢町
09407,-3.03%,-3.01%,1.41%,-2.135,那須町
09411,-3.85%,-3.82%,2.22%,-1.720,那珂川町
10201,-1.59%,-1.59%,1.83%,-0.873,前橋市
10202,-0.06%,-0.02%,3.03%,-0.007,高崎市
10203,-3.03%,-2.96%,1.87%,-1.580,桐生市
10204,-1.72%,-1.61%,1.73%,-0.934,伊勢崎市
10205,-0.50%,-0.61%,1.99%,-0.304,太田市
10206,-1.80%,-1.83%,2.17%,-0.847,沼田市
10207,-2.06%,-2.01%,2.17%,-0.925,館林市
10208,-2.12%,-2.13%,1.33%,-1.597,渋川市
10209,-2.12%,-2.11%,1.56%,-1.355,藤岡市
10210,-2.38%,-2.37%,1.26%,-1.890,富岡市
10211,-2.71%,-2.63%,1.14%,-2.304,安中市
10212,-2.29%,-2.30%,1.94%,-1.184,みどり市
10303,-1.99%,-1.69%,0.42%,-4.076,
10344,-2.18%,-2.16%,1.66%,-1.306,榛東村
10345,-0.69%,-0.70%,1.17%,-0.593,吉岡町
10363,-2.31%,-2.55%,0.34%,-7.547,
10382,-3.77%,-3.72%,2.58%,-1.444,下仁田町
10384,-2.29%,-2.24%,1.20%,-1.866,甘楽町
10421,-3.69%,-3.60%,1.03%,-3.499,中之条町
10424,-1.44%,-1.45%,7.08%,-0.205,長野原町
10425,-3.91%,-3.84%,2.11%,-1.818,嬬恋村
10426,-3.14%,-3.15%,2.09%,-1.503,草津町
10429,-2.98%,-2.84%,1.35%,-2.105,東吾妻町
10449,-3.53%,-3.57%,1.32%,-2.705,みなかみ町
10464,-1.29%,-1.30%,1.37%,-0.951,玉村町
10521,-3.07%,-3.00%,1.79%,-1.680,板倉町
10522,-2.40%,-2.36%,2.40%,-0.985,明和町
10523,-2.56%,-2.54%,1.92%,-1.323,千代田町
10524,-2.59%,-2.60%,2.29%,-1.137,大泉町
10525,-2.30%,-2.26%,1.92%,-1.175,邑楽町
11101,-0.63%,-0.36%,2.64%,-0.137,さいたま市西区
11102,0.14%,0.53%,3.18%,0.165,さいたま市北区
11103,2.14%,2.67%,5.17%,0.517,さいたま市大宮区
11104,-0.69%,-0.42%,2.59%,-0.162,さいたま市見沼区
11105,1.96%,2.25%,5.31%,0.424,さいたま市中央区
11106,-0.11%,0.15%,2.31%,0.066,さいたま市桜区
11107,1.69%,2.18%,5.04%,0.432,さいたま市浦和区
11108,1.32%,1.59%,3.67%,0.432,さいたま市南区
11109,0.45%,0.75%,3.02%,0.250,さいたま市緑区
11110,-0.43%,-0.21%,1.81%,-0.115,さいたま市岩槻区
11201,-0.07%,0.30%,2.69%,0.111,川越市
11202,-0.46%,-0.68%,1.87%,-0.363,熊谷市
11203,0.87%,1.52%,4.12%,0.369,川口市
11206,-2.20%,-2.10%,1.62%,-1.295,行田市
11207,-0.58%,-0.59%,3.28%,-0.180,秩父市
11208,0.27%,0.80%,4.00%,0.200,所沢市
11209,-0.97%,-0.86%,1.70%,-0.508,飯能市
11210,-2.65%,-2.52%,3.88%,-0.649,加須市
11211,-0.94%,-0.88%,1.10%,-0.800,本庄市
11212,-1.06%,-0.94%,2.02%,-0.466,東松山市
11214,-0.63%,-0.43%,1.84%,-0.234,春日部市
11215,-0.77%,-0.59%,2.67%,-0.220,狭山市
11216,-2.27%,-2.29%,1.81%,-1.266,羽生市
11217,-0.74%,-0.50%,2.12%,-0.236,鴻巣市
11218,-0.71%,-0.63%,1.68%,-0.378,深谷市
11219,0.40%,0.83%,3.17%,0.263,上尾市
11221,0.13%,0.37%,2.60%,0.142,草加市
11222,-0.08%,0.15%,2.54%,0.060,越谷市
11223,0.83%,1.21%,3.10%,0.391,蕨市
11224,1.29%,1.61%,3.15%,0.512,戸田市
11225,-0.34%,-0.28%,2.07%,-0.134,入間市
11226,-4.39%,-1.61%,6.32%,-0.255,
11227,0.59%,1.00%,2.81%,0.358,朝霞市
11228,0.37%,0.69%,2.60%,0.264,志木市
11229,0.80%,1.23%,4.11%,0.299,和光市
11230,0.56%,0.88%,3.01%,0.293,新座市
11231,-0.73%,-0.41%,2.17%,-0.191,桶川市
11232,-2.78%,-2.51%,6.94%,-0.362,久喜市
11233,-0.64%,-0.35%,1.88%,-0.189,北本市
11234,0.47%,0.68%,4.66%,0.146,八潮市
11235,0.94%,1.09%,4.09%,0.268,富士見市
11237,-0.31%,-0.14%,2.73%,-0.050,三郷市
11238,-0.83%,-0.59%,2.03%,-0.293,蓮田市
11239,-1.08%,-0.84%,2.34%,-0.359,坂戸市
11240,-1.26%,-0.95%,2.21%,-0.432,幸手市
11241,-0.05%,0.21%,4.13%,0.051,鶴ヶ島市
11242,-1.29%,-1.24%,3.96%,-0.314,日高市
11243,-0.99%,-0.78%,1.92%,-0.404,吉川市
11245,0.60%,0.75%,3.10%,0.243,ふじみ野市
11246,-0.09%,-0.13%,0.74%,-0.175,白岡市
11301,-0.03%,0.40%,2.24%,0.178,伊奈町
11324,-0.15%,-0.01%,2.43%,-0.004,三芳町
11326,-1.88%,-1.79%,1.63%,-1.099,毛呂山町
11327,-2.05%,-1.98%,1.59%,-1.247,越生町
11341,-1.21%,-1.01%,2.51%,-0.400,滑川町
11342,-1.84%,-1.75%,1.75%,-0.998,嵐山町
11343,-1.91%,-1.84%,1.42%,-1.292,小川町
11346,-1.53%,-1.49%,4.06%,-0.368,川島町
11347,-0.67%,-0.86%,3.02%,-0.285,吉見町
11348,-1.98%,-1.93%,2.23%,-0.863,鳩山町
11349,-1.85%,-1.85%,1.97%,-0.941,ときがわ町
11361,-1.56%,-1.50%,1.15%,-1.301,横瀬町
11362,-2.68%,-2.62%,1.49%,-1.765,皆野町
11363,-5.04%,-4.58%,1.87%,-2.451,長瀞町
11365,-1.67%,-1.66%,0.78%,-2.141,小鹿野町
11381,-1.46%,-1.41%,1.17%,-1.201,美里町
11383,-1.45%,-1.40%,0.87%,-1.605,神川町
11385,-0.11%,-0.12%,2.44%,-0.048,上里町
11408,-0.97%,-0.91%,2.09%,-0.436,寄居町
11421,-7.07%,-6.08%,3.07%,-1.979,
11424,-6.61%,-4.83%,3.29%,-1.470,
11425,-4.92%,-4.13%,1.59%,-2.594,
11442,-1.04%,-0.84%,1.86%,-0.454,宮代町
11445,-3.27%,-2.09%,2.83%,-0.739,
11446,-5.70%,-4.01%,3.72%,-1.078,
11461,-3.68%,-2.86%,1.47%,-1.949,
11462,-4.41%,-3.03%,2.53%,-1.200,
11464,-0.97%,-0.95%,1.81%,-0.527,杉戸町
11465,-0.99%,-0.86%,1.48%,-0.584,松伏町
12101,0.53%,1.25%,5.87%,0.212,千葉市中央区
12102,0.27%,0.61%,2.61%,0.234,千葉市花見川区
12103,1.03%,1.32%,2.84%,0.466,千葉市稲毛区
12104,0.01%,0.25%,2.34%,0.105,千葉市若葉区
12105,0.78%,1.14%,4.48%,0.255,千葉市緑区
12106,0.43%,0.83%,3.81%,0.218,千葉市美浜区
12202,-1.23%,-1.18%,0.83%,-1.417,銚子市
12203,1.58%,1.91%,5.61%,0.340,市川市
12204,1.59%,1.96%,3.95%,0.495,船橋市
12205,-0.39%,-0.22%,0.95%,-0.236,館山市
12206,1.76%,1.88%,2.26%,0.831,木更津市
12207,0.47%,0.67%,3.22%,0.207,松戸市
12208,-0.77%,-0.74%,2.30%,-0.324,野田市
12210,-1.53%,-1.31%,2.63%,-0.500,茂原市
12211,2.42%,2.39%,4.73%,0.506,成田市
12212,-0.82%,-0.70%,1.54%,-0.454,佐倉市
12213,-1.20%,-1.04%,2.15%,-0.482,東金市
12215,-0.74%,-0.69%,0.98%,-0.707,旭市
12216,1.52%,1.84%,3.44%,0.535,習志野市
12217,0.48%,0.68%,2.59%,0.261,柏市
12218,-0.97%,-0.94%,1.50%,-0.625,勝浦市
12219,0.69%,1.00%,2.55%,0.391,市原市
12220,1.57%,1.70%,4.55%,0.373,流山市
12221,0.38%,0.54%,2.57%,0.211,八千代市
12222,-0.33%,-0.16%,3.10%,-0.052,我孫子市
12223,0.32%,0.36%,1.14%,0.311,鴨川市
12224,-0.11%,0.06%,2.73%,0.023,鎌ケ谷市
12225,2.68%,2.74%,2.97%,0.922,君津市
12226,-0.65%,-0.59%,0.67%,-0.885,富津市
12227,0.92%,1.44%,5.81%,0.247,浦安市
12228,-0.37%,-0.17%,1.69%,-0.100,四街道市
12229,0.98%,1.27%,2.63%,0.483,袖ケ浦市
12230,0.00%,-0.09%,4.65%,-0.019,八街市
12231,-0.22%,0.61%,4.62%,0.132,印西市
12232,-0.60%,-0.44%,4.08%,-0.108,白井市
12233,0.64%,0.68%,1.59%,0.425,富里市
12235,-0.32%,-0.27%,2.55%,-0.104,匝瑳市
12236,-0.95%,-0.92%,0.96%,-0.951,香取市
12237,-0.14%,-0.14%,4.95%,-0.029,山武市
12238,-1.32%,-1.29%,1.48%,-0.872,いすみ市
12239,0.48%,0.39%,1.58%,0.247,大網白里市
12322,-0.46%,-0.19%,2.03%,-0.096,酒々井町
12325,24.84%,15.72%,34.74%,0.453,
12328,-1.17%,32.11%,79.25%,0.405,
12329,-1.18%,-1.18%,0.87%,-1.355,栄町
12342,-1.67%,-1.50%,0.77%,-1.940,神崎町
12347,-0.24%,-0.40%,4.16%,-0.097,多古町
12349,-0.97%,-1.04%,0.77%,-1.353,東庄町
12402,-2.80%,-1.73%,2.67%,-0.648,
12403,-1.32%,-1.26%,1.41%,-0.893,九十九里町
12409,0.26%,0.20%,5.15%,0.039,芝山町
12410,0.51%,0.48%,4.14%,0.116,横芝光町
12421,-0.03%,0.04%,4.36%,0.008,一宮町
12423,-1.19%,-1.12%,1.30%,-0.862,長生村
12424,-1.37%,-1.29%,1.30%,-0.988,白子町
12427,-0.99%,-0.98%,1.30%,-0.751,長南町
12441,-1.69%,-1.41%,1.15%,-1.221,大多喜町
12443,-2.06%,-1.97%,3.79%,-0.519,御宿町
13101,0.55%,1.64%,7.89%,0.208,千代田区
13102,2.48%,3.65%,9.51%,0.384,中央区
13103,1.23%,2.43%,9.09%,0.268,港区
13104,1.61%,2.96%,9.15%,0.323,新宿区
13105,1.73%,2.81%,7.32%,0.384,文京区
13106,1.81%,2.92%,10.05%,0.290,台東区
13107,2.01%,2.70%,5.37%,0.503,墨田区
13108,1.92%,2.51%,5.03%,0.500,江東区
13109,1.66%,2.48%,7.06%,0.352,品川区
13110,1.61%,2.48%,6.89%,0.360,目黒区
13111,1.40%,1.93%,4.44%,0.435,大田区
13112,0.83%,1.51%,5.17%,0.291,世田谷区
13113,2.54%,3.70%,8.78%,0.421,渋谷区
13114,1.99%,2.79%,5.95%,0.469,中野区
13115,1.52%,2.04%,5.01%,0.407,杉並区
13116,1.98%,3.10%,8.13%,0.381,豊島区
13117,2.33%,2.86%,5.27%,0.542,北区
13118,2.26%,2.82%,5.47%,0.514,荒川区
13119,1.06%,1.65%,4.62%,0.357,板橋区
13120,0.83%,1.45%,4.49%,0.322,練馬区
13121,1.97%,2.33%,4.00%,0.583,足立区
13122,1.26%,1.65%,3.47%,0.477,葛飾区
13123,0.95%,1.39%,3.97%,0.350,江戸川区
13201,-0.12%,0.41%,3.55%,0.115,八王子市
13202,1.43%,2.20%,4.97%,0.443,立川市
13203,2.42%,2.99%,4.51%,0.664,武蔵野市
13204,0.82%,1.45%,4.06%,0.357,三鷹市
13205,-0.87%,-0.29%,4.27%,-0.068,青梅市
13206,0.62%,1.35%,4.19%,0.322,府中市
13207,0.21%,0.67%,3.40%,0.198,昭島市
13208,0.93%,1.51%,3.86%,0.390,調布市
13209,0.52%,1.04%,3.40%,0.307,町田市
13210,0.36%,0.95%,4.19%,0.227,小金井市
13211,-0.21%,0.21%,2.85%,0.074,小平市
13212,0.39%,0.89%,3.72%,0.238,日野市
13213,0.21%,0.63%,3.60%,0.175,東村山市
13214,0.23%,0.80%,4.16%,0.192,国分寺市
13215,0.49%,0.98%,3.75%,0.261,国立市
13218,-0.42%,0.08%,3.29%,0.025,福生市
13219,0.08%,0.66%,3.61%,0.183,狛江市
13220,-0.43%,-0.04%,2.83%,-0.014,東大和市
13221,-0.35%,0.07%,2.85%,0.025,清瀬市
13222,-0.05%,0.44%,3.13%,0.140,東久留米市
13223,-0.53%,-0.11%,3.08%,-0.037,武蔵村山市
13224,-0.26%,0.12%,2.87%,0.041,多摩市
13225,1.10%,1.31%,2.20%,0.593,稲城市
13227,-1.39%,-0.83%,4.72%,-0.176,羽村市
13228,-0.71%,-0.11%,3.75%,-0.030,あきる野市
13229,0.58%,1.07%,3.25%,0.330,西東京市
13303,-0.88%,-0.57%,2.70%,-0.212,瑞穂町
13305,0.33%,0.49%,8.91%,0.055,日の出町
13307,-5.18%,-4.56%,1.86%,-2.454,檜原村
13308,-5.14%,-4.51%,1.71%,-2.643,奥多摩町
13361,-3.81%,-3.82%,3.81%,-1.004,大島町
13363,-0.64%,-0.60%,1.02%,-0.591,新島村
13364,-0.03%,-0.02%,0.10%,-0.243,神津島村
13381,-0.68%,-0.64%,0.80%,-0.794,三宅村
13401,-1.63%,-1.54%,3.51%,-0.438,八丈町
13421,0.39%,0.37%,1.14%,0.322,小笠原村
14101,1.17%,1.44%,3.14%,0.459,横浜市鶴見区
14102,1.84%,2.35%,5.41%,0.434,横浜市神奈川区
14103,3.84%,4.92%,7.97%,0.617,横浜市西区
14104,1.69%,2.40%,5.08%,0.472,横浜市中区
14105,1.10%,1.31%,2.35%,0.555,横浜市南区
14106,0.32%,0.56%,2.25%,0.250,横浜市保土ケ谷区
14107,0.18%,0.43%,2.98%,0.143,横浜市磯子区
14108,0.12%,0.38%,2.46%,0.155,横浜市金沢区
14109,1.25%,1.75%,3.81%,0.458,横浜市港北区
14110,0.93%,1.24%,3.03%,0.410,横浜市戸塚区
14111,0.83%,1.16%,3.01%,0.386,横浜市港南区
14112,0.53%,0.75%,2.42%,0.308,横浜市旭区
14113,0.52%,0.89%,2.84%,0.315,横浜市緑区
14114,0.38%,0.57%,2.43%,0.234,横浜市瀬谷区
14115,0.12%,0.35%,2.82%,0.124,横浜市栄区
14116,0.39%,0.70%,2.33%,0.303,横浜市泉区
14117,0.83%,1.32%,4.12%,0.320,横浜市青葉区
14118,0.94%,1.56%,4.23%,0.369,横浜市都筑区
14131,2.35%,2.98%,4.71%,0.633,川崎市川崎区
14132,3.23%,4.95%,8.65%,0.572,川崎市幸区
14133,3.10%,3.74%,4.14%,0.904,川崎市中原区
14134,1.64%,2.14%,3.57%,0.601,川崎市高津区
14135,0.84%,1.28%,2.91%,0.440,川崎市多摩区
14136,0.37%,0.88%,3.42%,0.257,川崎市宮前区
14137,0.62%,0.97%,2.58%,0.375,川崎市麻生区
14151,3.04%,2.73%,2.06%,1.325,相模原市緑区
14152,1.00%,0.82%,1.61%,0.512,相模原市中央区
14153,1.33%,1.14%,1.71%,0.668,相模原市南区
14201,-1.28%,-1.08%,2.06%,-0.522,横須賀市
14203,-0.66%,-0.47%,1.96%,-0.238,平塚市
14204,0.76%,1.13%,2.44%,0.465,鎌倉市
14205,0.33%,0.67%,2.52%,0.265,藤沢市
14206,-0.92%,-0.73%,1.97%,-0.370,小田原市
14207,0.65%,0.94%,2.62%,0.357,茅ヶ崎市
14208,0.28%,0.63%,2.49%,0.252,逗子市
14209,-2.69%,-1.24%,2.56%,-0.485,
14210,-3.37%,-3.20%,4.35%,-0.736,三浦市
14211,-1.31%,-1.23%,1.88%,-0.655,秦野市
14212,0.82%,1.01%,2.20%,0.460,厚木市
14213,0.74%,0.91%,2.55%,0.356,大和市
14214,-0.06%,0.04%,1.70%,0.025,伊勢原市
14215,1.33%,1.42%,2.17%,0.655,海老名市
14216,0.28%,0.42%,1.54%,0.275,座間市
14217,-2.60%,-2.50%,2.37%,-1.054,南足柄市
14218,-0.15%,-0.05%,1.66%,-0.029,綾瀬市
14301,-0.24%,0.02%,2.27%,0.009,葉山町
14321,0.14%,0.17%,1.80%,0.092,寒川町
14341,-1.53%,-1.37%,1.43%,-0.958,大磯町
14342,-2.03%,-1.88%,1.16%,-1.622,二宮町
14361,-2.59%,-2.52%,1.22%,-2.065,中井町
14362,-2.53%,-2.39%,1.68%,-1.424,大井町
14363,-0.93%,-0.86%,3.00%,-0.287,松田町
14364,-3.04%,-2.99%,1.51%,-1.974,山北町
14366,-0.72%,-0.66%,1.25%,-0.529,開成町
14382,-0.50%,-0.51%,6.24%,-0.081,箱根町
14383,-2.92%,-2.81%,1.45%,-1.939,真鶴町
14384,-2.17%,-2.07%,2.72%,-0.762,湯河原町
14401,-2.00%,-1.89%,1.40%,-1.345,愛川町
14402,-2.02%,-1.90%,1.03%,-1.845,清川村
15101,-0.51%,-0.62%,2.36%,-0.262,新潟市北区
15102,-0.18%,-0.30%,2.92%,-0.104,新潟市東区
15103,0.29%,0.31%,1.57%,0.200,新潟市中央区
15104,0.33%,0.21%,1.43%,0.148,新潟市江南区
15105,-1.61%,-1.63%,1.79%,-0.912,新潟市秋葉区
15106,-1.50%,-1.55%,1.01%,-1.540,新潟市南区
15107,-0.20%,-0.26%,1.48%,-0.178,新潟市西区
15108,-2.49%,-2.51%,0.57%,-4.408,新潟市西蒲区
15202,-1.68%,-1.58%,1.22%,-1.294,長岡市
15204,-2.75%,-2.73%,1.83%,-1.492,三条市
15205,-2.95%,-3.30%,1.83%,-1.805,柏崎市
15206,-1.76%,-1.82%,1.87%,-0.973,新発田市
15208,-2.65%,-2.73%,1.94%,-1.411,小千谷市
15209,-3.27%,-3.32%,1.23%,-2.709,加茂市
15210,-2.76%,-2.84%,1.00%,-2.828,十日町市
15211,-1.99%,-1.87%,2.76%,-0.677,見附市
15212,-4.48%,-4.44%,6.47%,-0.687,村上市
15213,-1.83%,-1.88%,0.86%,-2.192,燕市
15216,-2.18%,-2.27%,3.52%,-0.645,糸魚川市
15217,-3.23%,-3.34%,4.15%,-0.804,妙高市
15218,-2.17%,-2.24%,1.26%,-1.783,五泉市
15222,-2.16%,-2.15%,1.19%,-1.809,上越市
15223,-1.70%,-1.97%,1.38%,-1.424,阿賀野市
15224,-4.04%,-4.28%,2.27%,-1.884,佐渡市
15225,-3.14%,-2.95%,2.45%,-1.206,魚沼市
15226,-3.07%,-3.11%,1.27%,-2.448,南魚沼市
15227,-2.51%,-2.63%,1.32%,-1.995,胎内市
15307,-0.86%,-0.92%,0.59%,-1.574,聖籠町
15342,-2.40%,-2.42%,1.12%,-2.162,弥彦村
15361,-3.09%,-2.97%,1.00%,-2.985,田上町
15385,-3.06%,-3.13%,1.32%,-2.368,阿賀町
15441,-2.30%,-2.11%,0.74%,-2.845,
15461,-4.38%,-4.52%,2.84%,-1.593,湯沢町
15582,N/A,N/A,N/A,N/A,
15583,N/A,N/A,N/A,N/A,
16201,0.02%,-0.03%,2.49%,-0.014,富山市
16202,-1.63%,-1.62%,2.11%,-0.767,高岡市
16204,-2.17%,-1.26%,4.15%,-0.304,魚津市
16205,-3.02%,-3.06%,3.20%,-0.958,氷見市
16206,-2.28%,-2.35%,1.87%,-1.257,滑川市
16207,-1.48%,-1.60%,1.37%,-1.163,黒部市
16208,-1.28%,-1.45%,3.29%,-0.441,砺波市
16209,-2.05%,-2.22%,2.82%,-0.787,小矢部市
16210,-3.15%,-3.31%,2.36%,-1.402,南砺市
16211,-1.27%,-1.35%,2.14%,-0.629,射水市
16321,-1.15%,-1.08%,2.15%,-0.501,舟橋村
16322,-2.20%,-2.18%,1.61%,-1.353,上市町
16323,-2.07%,-2.07%,1.63%,-1.268,立山町
16342,-1.50%,-1.66%,1.70%,-0.973,入善町
16343,-2.09%,-2.24%,1.95%,-1.147,朝日町
17201,1.23%,1.17%,4.14%,0.283,金沢市
17202,-2.76%,-2.85%,2.37%,-1.203,七尾市
17203,-2.00%,-2.15%,6.53%,-0.329,小松市
17204,-4.81%,-4.98%,3.49%,-1.427,輪島市
17205,-5.83%,-5.73%,0.86%,-6.641,珠洲市
17206,-2.29%,-2.34%,2.52%,-0.930,加賀市
17207,-5.42%,-5.31%,1.85%,-2.864,羽咋市
17209,-1.10%,-1.21%,2.81%,-0.431,かほく市
17210,-0.63%,-0.66%,3.64%,-0.181,白山市
17211,-1.56%,-1.58%,1.88%,-0.843,能美市
17212,2.34%,1.96%,2.19%,0.892,野々市市
17324,1.44%,1.36%,10.24%,0.133,川北町
17344,-5.30%,-4.20%,2.57%,-1.637,
17361,0.14%,0.03%,4.62%,0.006,津幡町
17365,-1.38%,-1.42%,3.32%,-0.427,内灘町
17384,-4.23%,-4.09%,3.72%,-1.101,志賀町
17461,-4.44%,-4.56%,1.12%,-4.066,穴水町
17463,-4.39%,-4.24%,6.03%,-0.704,能登町
18201,-0.74%,-0.79%,2.40%,-0.327,福井市
18202,-1.48%,-1.68%,2.73%,-0.615,敦賀市
18204,-2.13%,-2.58%,3.15%,-0.818,小浜市
18205,-4.51%,-4.73%,1.91%,-2.477,大野市
18206,-4.33%,-4.55%,2.78%,-1.639,勝山市
18207,-3.03%,-3.31%,2.89%,-1.147,鯖江市
18208,-3.70%,-3.91%,2.63%,-1.484,あわら市
18209,-2.84%,-3.03%,2.28%,-1.329,越前市
18210,-3.14%,-3.29%,2.21%,-1.491,坂井市
18322,-1.81%,-1.96%,2.17%,-0.901,永平寺町
18423,-4.49%,-4.72%,4.98%,-0.948,越前町
18442,-3.69%,-3.70%,0.96%,-3.835,美浜町
18481,-3.00%,-3.29%,2.42%,-1.360,高浜町
18501,-2.77%,-1.95%,3.70%,-0.526,若狭町
19201,-1.20%,-1.27%,1.45%,-0.880,甲府市
19202,-1.45%,-1.59%,1.73%,-0.919,富士吉田市
19204,-1.73%,-1.77%,2.88%,-0.615,都留市
19205,-2.92%,-2.88%,1.53%,-1.883,山梨市
19206,-1.80%,-1.87%,1.54%,-1.210,大月市
19207,-2.05%,-2.06%,1.17%,-1.759,韮崎市
19208,-2.12%,-2.13%,1.36%,-1.569,南アルプス市
19209,-1.91%,-1.85%,3.21%,-0.576,北杜市
19210,-0.91%,-0.96%,0.75%,-1.280,甲斐市
19211,-1.31%,-1.45%,3.92%,-0.369,笛吹市
19212,-1.50%,-1.56%,1.30%,-1.199,上野原市
19213,-2.77%,-2.82%,1.60%,-1.766,甲州市
19214,-1.50%,-1.56%,2.36%,-0.660,中央市
19346,-2.50%,-2.36%,1.65%,-1.425,市川三郷町
19361,-4.79%,-4.50%,0.59%,-7.573,
19362,-8.16%,-6.70%,3.43%,-1.955,
19365,-3.64%,-3.61%,2.11%,-1.709,身延町
19368,-1.34%,-1.59%,1.56%,-1.025,富士川町
19384,0.86%,0.69%,2.71%,0.256,昭和町
19423,-1.66%,-1.82%,2.63%,-0.691,西桂町
19424,-0.56%,-0.67%,1.06%,-0.630,忍野村
19425,-1.32%,-1.42%,3.20%,-0.446,山中湖村
19430,0.38%,0.23%,3.31%,0.071,富士河口湖町
20201,-0.73%,-0.85%,2.30%,-0.369,長野市
20202,-1.06%,-1.12%,2.16%,-0.520,松本市
20203,-2.77%,-2.89%,2.83%,-1.021,上田市
20204,-2.81%,-2.86%,2.09%,-1.373,岡谷市
20205,-1.21%,-1.34%,2.72%,-0.493,飯田市
20206,-1.92%,-2.05%,3.10%,-0.662,諏訪市
20207,-2.14%,-2.21%,2.04%,-1.084,須坂市
20208,-3.74%,-3.87%,4.38%,-0.884,小諸市
20209,-2.14%,-2.28%,1.52%,-1.501,伊那市
20210,-2.83%,-2.92%,2.15%,-1.360,駒ヶ根市
20211,-2.15%,-2.22%,1.22%,-1.815,中野市
20212,-2.59%,-2.62%,1.89%,-1.389,大町市
20213,-2.64%,-2.64%,2.63%,-1.002,飯山市
20214,-2.36%,-2.43%,1.25%,-1.939,茅野市
20215,-0.36%,-0.47%,1.78%,-0.264,塩尻市
20217,-1.53%,-1.49%,2.58%,-0.576,佐久市
20218,-3.08%,-2.98%,1.87%,-1.595,千曲市
20219,-2.83%,-3.00%,2.24%,-1.341,東御市
20220,-1.29%,-1.46%,3.47%,-0.422,安曇野市
20303,-2.40%,-2.38%,0.73%,-3.277,小海町
20321,-0.52%,0.43%,9.57%,0.045,軽井沢町
20323,-1.69%,-1.79%,1.51%,-1.182,御代田町
20361,-2.69%,-2.95%,1.74%,-1.693,下諏訪町
20362,-3.14%,-3.19%,1.10%,-2.886,富士見町
20382,-3.89%,-3.92%,1.05%,-3.727,辰野町
20383,-2.87%,-2.90%,0.76%,-3.838,箕輪町
20384,-3.01%,-2.91%,11.18%,-0.260,飯島町
20385,-2.04%,-2.03%,3.39%,-0.600,南箕輪村
20386,-2.28%,-2.18%,0.88%,-2.482,中川村
20388,-1.93%,-1.96%,0.51%,-3.846,宮田村
20402,-2.60%,-2.61%,0.79%,-3.305,松川町
20403,-2.16%,-2.18%,0.66%,-3.292,高森町
20422,-3.73%,-3.72%,0.65%,-5.713,上松町
20432,-3.75%,-3.79%,0.55%,-6.916,木曽町
20449,-4.55%,-4.23%,0.60%,-7.077,
20450,-4.35%,-4.23%,0.77%,-5.474,山形村
20481,-2.38%,-2.51%,1.86%,-1.352,池田町
20482,-1.96%,-2.14%,1.78%,-1.205,松川村
20485,1.22%,0.83%,7.68%,0.108,白馬村
20521,-3.22%,-3.26%,1.14%,-2.848,坂城町
20541,-1.27%,-1.42%,2.37%,-0.600,小布施町
20561,-3.78%,-3.83%,1.22%,-3.148,山ノ内町
20563,-2.69%,-2.82%,5.53%,-0.510,野沢温泉村
20583,-3.41%,-3.44%,1.26%,-2.731,信濃町
20590,-3.76%,-3.83%,1.94%,-1.972,飯綱町
21201,-0.59%,-0.53%,1.46%,-0.359,岐阜市
21202,-0.61%,-0.60%,1.48%,-0.405,大垣市
21203,-0.41%,-0.50%,3.93%,-0.126,高山市
21204,0.98%,0.99%,2.90%,0.340,多治見市
21205,-1.47%,-1.17%,1.97%,-0.594,関市
21206,-0.65%,-0.85%,2.33%,-0.363,中津川市
21207,-1.78%,-1.78%,2.25%,-0.792,美濃市
21208,-0.78%,-0.88%,1.11%,-0.786,瑞浪市
21209,-0.97%,-0.84%,1.57%,-0.532,羽島市
21210,0.14%,-0.03%,4.14%,-0.008,恵那市
21211,-1.08%,-1.16%,1.37%,-0.843,美濃加茂市
21212,-0.28%,-0.43%,3.19%,-0.136,土岐市
21213,-0.28%,-0.29%,0.73%,-0.397,各務原市
21214,-0.08%,-0.16%,1.74%,-0.090,可児市
21215,-2.39%,-2.42%,2.62%,-0.926,山県市
21216,-0.89%,-0.84%,1.02%,-0.828,瑞穂市
21217,-3.88%,-3.84%,2.59%,-1.479,飛騨市
21218,-0.72%,-0.76%,6.64%,-0.115,本巣市
21219,-1.68%,-1.68%,1.36%,-1.238,郡上市
21220,-2.70%,-2.56%,2.06%,-1.241,下呂市
21221,-2.32%,-2.31%,0.95%,-2.424,海津市
21302,-0.43%,-0.50%,1.54%,-0.326,岐南町
21303,-1.29%,-1.38%,1.50%,-0.917,笠松町
21341,-2.40%,-2.42%,2.74%,-0.884,養老町
21361,-1.68%,-1.67%,0.94%,-1.775,垂井町
21362,-3.11%,-3.01%,1.58%,-1.901,関ケ原町
21381,-1.93%,-1.91%,1.11%,-1.725,神戸町
21382,-1.93%,-1.87%,1.52%,-1.233,輪之内町
21383,-1.44%,-1.41%,0.89%,-1.581,安八町
21401,-3.51%,-3.48%,2.21%,-1.573,揖斐川町
21403,-2.44%,-2.35%,2.64%,-0.890,大野町
21404,-2.48%,-2.41%,0.96%,-2.512,池田町
21421,-1.14%,-1.12%,1.78%,-0.633,北方町
21501,-1.63%,-1.70%,0.92%,-1.843,坂祝町
21502,-1.52%,-1.82%,1.53%,-1.189,富加町
21503,-1.23%,-1.31%,0.86%,-1.535,川辺町
21505,-2.15%,-2.12%,0.38%,-5.653,八百津町
21521,-1.38%,-1.49%,1.23%,-1.213,御嵩町
22101,0.35%,1.14%,3.88%,0.292,静岡市葵区
22102,0.15%,0.61%,2.57%,0.239,静岡市駿河区
22103,-1.37%,-1.19%,1.38%,-0.864,静岡市清水区
22131,0.22%,0.42%,1.84%,0.230,浜松市中区
22132,-0.10%,-0.14%,1.06%,-0.134,浜松市東区
22133,-1.22%,-0.93%,1.59%,-0.586,浜松市西区
22134,-0.82%,-0.81%,0.76%,-1.068,浜松市南区
22135,-1.12%,-1.13%,1.80%,-0.629,浜松市北区
22136,0.07%,0.03%,0.80%,0.039,浜松市浜北区
22137,-1.46%,-1.59%,5.23%,-0.304,浜松市天竜区
22203,-1.16%,-1.06%,1.22%,-0.868,沼津市
22205,0.46%,0.52%,2.27%,0.231,熱海市
22206,0.15%,0.21%,1.57%,0.131,三島市
22207,-1.92%,-1.80%,2.44%,-0.736,富士宮市
22208,-0.94%,-0.91%,0.70%,-1.299,伊東市
22209,-1.78%,-1.74%,1.18%,-1.469,島田市
22210,-1.26%,-1.11%,1.22%,-0.909,富士市
22211,-0.65%,-0.52%,1.13%,-0.462,磐田市
22212,-2.74%,-2.53%,2.60%,-0.973,焼津市
22213,-0.90%,-0.89%,2.35%,-0.378,掛川市
22214,-0.70%,-0.43%,2.34%,-0.185,藤枝市
22215,0.03%,0.00%,1.97%,0.001,御殿場市
22216,-0.64%,-0.65%,1.16%,-0.559,袋井市
22219,-1.97%,-1.93%,0.67%,-2.877,下田市
22220,-0.62%,-0.63%,2.02%,-0.313,裾野市
22221,-1.25%,-1.06%,1.75%,-0.610,湖西市
22222,-2.46%,-2.35%,1.28%,-1.832,伊豆市
22223,-1.64%,-1.59%,2.38%,-0.671,御前崎市
22224,-0.00%,-0.03%,2.64%,-0.011,菊川市
22225,-1.18%,-1.14%,0.75%,-1.522,伊豆の国市
22226,-3.33%,-3.15%,1.57%,-2.009,牧之原市
22301,-2.43%,-2.39%,0.65%,-3.674,東伊豆町
22302,-2.36%,-2.29%,0.76%,-3.033,河津町
22304,-2.65%,-2.72%,1.63%,-1.667,南伊豆町
22305,-4.57%,-4.10%,1.92%,-2.139,松崎町
22325,-1.43%,-1.39%,1.61%,-0.861,函南町
22341,-0.22%,0.03%,1.06%,0.026,清水町
22342,0.97%,0.99%,0.71%,1.396,長泉町
22344,-0.86%,-0.94%,2.15%,-0.437,小山町
22361,-2.95%,5.10%,15.16%,0.336,
22381,N/A,N/A,N/A,N/A,
22383,N/A,N/A,N/A,N/A,
22401,N/A,N/A,N/A,N/A,
22402,N/A,N/A,N/A,N/A,
22424,-2.44%,-2.33%,1.37%,-1.696,吉田町
22461,-1.41%,-1.34%,0.88%,-1.530,森町
22503,-1.73%,-0.42%,2.42%,-0.172,
23101,1.39%,2.34%,6.74%,0.347,名古屋市千種区
23102,2.89%,3.83%,9.18%,0.417,名古屋市東区
23103,0.61%,1.32%,3.93%,0.337,名古屋市北区
23104,2.06%,2.67%,5.23%,0.511,名古屋市西区
23105,6.18%,7.38%,10.45%,0.706,名古屋市中村区
23106,2.89%,4.07%,11.18%,0.364,名古屋市中区
23107,1.21%,1.82%,5.40%,0.337,名古屋市昭和区
23108,0.91%,1.41%,4.20%,0.336,名古屋市瑞穂区
23109,3.05%,3.62%,5.88%,0.616,名古屋市熱田区
23110,0.47%,0.66%,2.72%,0.244,名古屋市中川区
23111,-0.47%,-0.30%,2.62%,-0.115,名古屋市港区
23112,0.63%,0.78%,2.68%,0.292,名古屋市南区
23113,0.50%,0.84%,2.35%,0.358,名古屋市守山区
23114,1.64%,1.99%,2.48%,0.801,名古屋市緑区
23115,0.96%,1.54%,3.99%,0.387,名古屋市名東区
23116,0.87%,1.40%,3.39%,0.412,名古屋市天白区
23201,0.10%,0.21%,1.07%,0.196,豊橋市
23202,0.81%,0.91%,1.76%,0.518,岡崎市
23203,0.79%,0.68%,2.22%,0.305,一宮市
23204,0.10%,0.03%,3.11%,0.010,瀬戸市
23205,-0.32%,-0.27%,1.11%,-0.248,半田市
23206,0.86%,1.04%,1.77%,0.584,春日井市
23207,-0.70%,-0.71%,1.83%,-0.389,豊川市
23208,-1.19%,-1.24%,0.99%,-1.259,津島市
23209,-0.04%,0.03%,1.26%,0.020,碧南市
23210,2.18%,2.31%,2.42%,0.955,刈谷市
23211,1.64%,1.71%,2.30%,0.744,豊田市
23212,1.71%,1.70%,2.53%,0.669,安城市
23213,-1.11%,-1.07%,3.81%,-0.282,西尾市
23214,-0.97%,-1.02%,0.72%,-1.421,蒲郡市
23215,-0.30%,-0.31%,0.88%,-0.351,犬山市
23216,-1.32%,-1.54%,2.10%,-0.733,常滑市
23217,0.42%,0.31%,1.30%,0.239,江南市
23219,0.25%,0.26%,1.34%,0.193,小牧市
23220,0.38%,0.39%,1.70%,0.228,稲沢市
23221,-1.82%,-1.85%,1.58%,-1.172,新城市
23222,1.00%,1.06%,2.71%,0.392,東海市
23223,1.58%,1.61%,2.47%,0.652,大府市
23224,-0.77%,-0.75%,1.90%,-0.396,知多市
23225,1.70%,1.68%,2.63%,0.640,知立市
23226,0.57%,0.68%,1.81%,0.378,尾張旭市
23227,0.51%,0.56%,1.89%,0.296,高浜市
23228,0.54%,0.56%,1.55%,0.363,岩倉市
23229,0.92%,1.14%,2.32%,0.489,豊明市
23230,1.72%,1.90%,3.53%,0.539,日進市
23231,-0.04%,0.00%,1.80%,0.001,田原市
23232,-0.30%,-0.45%,2.00%,-0.225,愛西市
23233,0.10%,0.12%,1.31%,0.093,清須市
23234,0.37%,0.42%,1.15%,0.364,北名古屋市
23235,-0.08%,-0.07%,1.34%,-0.051,弥富市
23236,1.94%,1.90%,4.15%,0.458,みよし市
23237,-0.02%,-0.09%,1.19%,-0.073,あま市
23238,2.88%,2.75%,1.87%,1.470,長久手市
23302,1.00%,1.30%,4.28%,0.303,東郷町
23304,-1.39%,0.31%,4.08%,0.075,
23342,0.14%,0.17%,1.39%,0.121,豊山町
23345,-1.81%,-0.60%,1.72%,-0.351,
23361,0.56%,0.55%,1.15%,0.473,大口町
23362,0.29%,0.29%,1.62%,0.178,扶桑町
23421,-2.55%,-1.84%,1.36%,-1.361,
23422,-2.47%,-1.85%,1.12%,-1.644,
23423,-2.63%,-1.71%,1.63%,-1.047,
23424,-0.35%,-0.31%,1.00%,-0.307,大治町
23425,-0.17%,-0.14%,1.03%,-0.136,蟹江町
23427,0.68%,0.91%,3.09%,0.293,飛島村
23441,-1.19%,-1.13%,2.48%,-0.455,阿久比町
23442,0.48%,0.56%,3.92%,0.143,東浦町
23445,-4.07%,-4.20%,1.80%,-2.340,南知多町
23446,-3.49%,-3.42%,1.29%,-2.657,美浜町
23447,-1.06%,-1.01%,0.95%,-1.062,武豊町
23481,-2.61%,-1.96%,1.40%,-1.405,
23482,-2.43%,-2.10%,0.88%,-2.393,
23483,-2.78%,-2.44%,1.94%,-1.260,
23501,-0.02%,-0.01%,3.92%,-0.004,幸田町
23521,-2.13%,-0.75%,2.47%,-0.303,
23601,N/A,N/A,N/A,N/A,
23603,-1.46%,-1.44%,0.12%,-11.878,
23604,N/A,N/A,N/A,N/A,
24201,-0.76%,-0.79%,1.09%,-0.729,津市
24202,-0.23%,-0.22%,1.27%,-0.170,四日市市
24203,-0.88%,-0.76%,2.74%,-0.278,伊勢市
24204,-1.95%,-1.98%,2.16%,-0.917,松阪市
24205,-0.26%,-0.26%,1.51%,-0.170,桑名市
24207,-0.93%,-1.05%,1.19%,-0.878,鈴鹿市
24208,-1.65%,-1.79%,2.14%,-0.838,名張市
24209,-2.90%,-2.92%,0.82%,-3.576,尾鷲市
24210,-1.21%,-1.23%,2.52%,-0.489,亀山市
24211,-3.26%,-3.22%,1.02%,-3.149,鳥羽市
24212,-3.01%,-3.07%,1.03%,-2.985,熊野市
24214,-0.75%,-0.81%,2.33%,-0.347,いなべ市
24215,-3.70%,-3.69%,1.80%,-2.051,志摩市
24216,-2.52%,-2.54%,1.15%,-2.208,伊賀市
24303,-3.15%,-3.06%,1.29%,-2.369,木曽岬町
24324,-0.95%,-0.96%,0.82%,-1.179,東員町
24341,-0.80%,-0.79%,0.80%,-0.984,菰野町
24343,-0.20%,-0.70%,2.65%,-0.263,朝日町
24344,0.05%,0.20%,2.59%,0.078,川越町
24441,-2.07%,-2.07%,1.08%,-1.917,多気町
24442,-3.32%,-3.32%,2.51%,-1.324,明和町
24461,-2.01%,-2.00%,0.85%,-2.356,玉城町
24472,-3.47%,-3.40%,1.22%,-2.794,南伊勢町
24543,-3.61%,-3.56%,1.40%,-2.541,紀北町
24561,-2.83%,-2.81%,1.34%,-2.090,御浜町
25201,0.31%,0.63%,2.46%,0.255,大津市
25202,-0.83%,-0.74%,1.58%,-0.469,彦根市
25203,-2.57%,-2.35%,6.53%,-0.360,長浜市
25204,-0.84%,-0.60%,2.54%,-0.238,近江八幡市
25206,1.35%,1.87%,4.43%,0.422,草津市
25207,0.84%,1.09%,2.13%,0.512,守山市
25208,0.39%,0.65%,2.14%,0.304,栗東市
25209,-1.02%,-0.80%,1.54%,-0.517,甲賀市
25210,0.48%,0.65%,1.57%,0.414,野洲市
25211,-1.08%,-0.96%,1.09%,-0.879,湖南市
25212,-2.07%,-1.94%,1.64%,-1.186,高島市
25213,-0.25%,-0.06%,1.59%,-0.037,東近江市
25214,-0.71%,-0.44%,1.98%,-0.220,米原市
25381,-1.05%,-0.54%,2.86%,-0.188,
25383,-1.56%,-1.56%,1.46%,-1.065,日野町
25384,1.62%,1.55%,12.06%,0.128,竜王町
25425,0.59%,0.56%,3.91%,0.144,愛荘町
25441,-0.96%,-0.97%,0.55%,-1.755,豊郷町
25442,-1.93%,-1.84%,0.77%,-2.404,甲良町
25443,-2.23%,-2.11%,3.10%,-0.680,多賀町
25482,-3.30%,-2.09%,1.73%,-1.210,
25483,-1.01%,-0.58%,0.61%,-0.944,
25501,-0.72%,-0.48%,0.34%,-1.413,
25502,-1.07%,-0.71%,0.50%,-1.412,
25504,-1.54%,-0.77%,1.09%,-0.710,
26101,0.46%,0.69%,2.38%,0.290,京都市北区
26102,2.20%,2.29%,3.65%,0.628,京都市上京区
26103,0.73%,0.90%,2.48%,0.363,京都市左京区
26104,5.34%,5.59%,6.96%,0.803,京都市中京区
26105,6.22%,6.40%,11.17%,0.573,京都市東山区
26106,6.09%,6.57%,8.38%,0.784,京都市下京区
26107,5.50%,5.40%,11.35%,0.476,京都市南区
26108,0.37%,0.61%,1.82%,0.337,京都市右京区
26109,0.23%,0.32%,2.37%,0.135,京都市伏見区
26110,-0.70%,-0.60%,2.38%,-0.254,京都市山科区
26111,0.64%,1.00%,2.77%,0.363,京都市西京区
26201,-2.04%,-2.04%,1.93%,-1.060,福知山市
26202,-1.76%,-1.91%,3.28%,-0.582,舞鶴市
26203,-2.25%,-2.58%,3.11%,-0.831,綾部市
26204,-0.14%,0.07%,1.93%,0.035,宇治市
26205,-2.31%,-2.47%,1.84%,-1.337,宮津市
26206,-0.52%,-0.52%,2.69%,-0.193,亀岡市
26207,-0.90%,-0.72%,3.06%,-0.234,城陽市
26208,0.92%,1.09%,2.03%,0.538,向日市
26209,0.55%,0.75%,1.55%,0.482,長岡京市
26210,-0.80%,-0.71%,1.21%,-0.589,八幡市
26211,-0.50%,-0.22%,1.75%,-0.128,京田辺市
26212,-3.19%,-3.24%,1.34%,-2.419,京丹後市
26213,-2.23%,-1.90%,2.78%,-0.683,南丹市
26214,-0.39%,-0.47%,2.00%,-0.235,木津川市
26303,-0.32%,-0.07%,1.53%,-0.049,大山崎町
26322,0.21%,0.33%,4.06%,0.081,久御山町
26343,-2.12%,-2.08%,0.90%,-2.301,井手町
26344,-1.25%,-1.38%,1.52%,-0.907,宇治田原町
26366,-0.70%,-0.61%,0.93%,-0.650,精華町
26407,-4.82%,-4.73%,3.94%,-1.199,京丹波町
26465,-2.25%,-2.32%,2.82%,-0.823,与謝野町
27102,0.81%,1.14%,3.49%,0.326,大阪市都島区
27103,3.63%,3.90%,6.63%,0.587,大阪市福島区
27104,-0.36%,0.02%,2.82%,0.007,大阪市此花区
27106,4.74%,5.41%,9.37%,0.578,大阪市西区
27107,0.09%,0.31%,2.49%,0.126,大阪市港区
27108,-0.60%,-0.47%,1.91%,-0.244,大阪市大正区
27109,1.71%,2.11%,4.54%,0.464,大阪市天王寺区
27111,3.30%,3.47%,8.16%,0.425,大阪市浪速区
27113,-0.87%,-0.70%,1.96%,-0.356,大阪市西淀川区
27114,0.07%,0.20%,2.63%,0.076,大阪市東淀川区
27115,0.18%,0.35%,2.67%,0.130,大阪市東成区
27116,-0.82%,-0.64%,2.14%,-0.300,大阪市生野区
27117,-0.78%,-0.63%,3.33%,-0.188,大阪市旭区
27118,0.24%,0.37%,3.03%,0.121,大阪市城東区
27119,3.37%,3.49%,9.50%,0.367,大阪市阿倍野区
27120,-0.09%,0.10%,2.49%,0.040,大阪市住吉区
27121,-0.57%,-0.35%,1.96%,-0.179,大阪市東住吉区
27122,-0.54%,-0.43%,3.29%,-0.130,大阪市西成区
27123,1.56%,1.82%,5.29%,0.344,大阪市淀川区
27124,-0.29%,-0.05%,3.28%,-0.016,大阪市鶴見区
27125,-0.62%,-0.32%,2.94%,-0.109,大阪市住之江区
27126,-1.09%,-0.90%,1.93%,-0.464,大阪市平野区
27127,5.06%,6.13%,11.57%,0.530,大阪市北区
27128,4.04%,5.15%,13.81%,0.373,大阪市中央区
27141,0.75%,1.09%,3.39%,0.323,堺市堺区
27142,-0.27%,-0.08%,1.95%,-0.040,堺市中区
27143,0.07%,0.27%,2.57%,0.106,堺市東区
27144,0.12%,0.31%,2.85%,0.109,堺市西区
27145,-0.64%,-0.38%,2.50%,-0.151,堺市南区
27146,2.14%,2.26%,3.38%,0.669,堺市北区
27147,-0.76%,-0.72%,2.97%,-0.241,堺市美原区
27202,-0.40%,-0.20%,1.40%,-0.142,岸和田市
27203,0.86%,1.18%,2.95%,0.399,豊中市
27204,0.67%,0.93%,3.41%,0.272,池田市
27205,1.18%,1.54%,3.94%,0.391,吹田市
27206,-0.37%,-0.14%,1.56%,-0.092,泉大津市
27207,0.16%,0.45%,2.30%,0.198,高槻市
27208,-0.61%,-0.55%,1.00%,-0.551,貝塚市
27209,-0.78%,-0.54%,2.75%,-0.197,守口市
27210,0.31%,0.45%,2.41%,0.185,枚方市
27211,0.54%,0.83%,2.39%,0.346,茨木市
27212,-0.59%,-0.47%,1.41%,-0.335,八尾市
27213,-0.07%,-0.02%,1.97%,-0.010,泉佐野市
27214,-0.61%,-0.58%,2.24%,-0.257,富田林市
27215,-0.54%,-0.44%,2.41%,-0.182,寝屋川市
27216,-0.77%,-0.67%,3.30%,-0.203,河内長野市
27217,-1.19%,-0.93%,2.05%,-0.454,松原市
27218,-0.63%,-0.37%,2.11%,-0.177,大東市
27219,-0.16%,0.01%,1.61%,0.005,和泉市
27220,0.87%,1.18%,3.30%,0.359,箕面市
27221,-0.89%,-0.64%,1.85%,-0.347,柏原市
27222,-1.30%,-1.26%,1.60%,-0.790,羽曳野市
27223,-1.19%,-1.02%,2.19%,-0.464,門真市
27224,-0.30%,-0.00%,2.13%,-0.002,摂津市
27225,0.44%,0.68%,1.56%,0.437,高石市
27226,-0.96%,-0.74%,2.04%,-0.360,藤井寺市
27227,-0.56%,-0.25%,2.19%,-0.116,東大阪市
27228,-0.97%,-0.95%,1.04%,-0.905,泉南市
27229,-1.00%,-1.01%,1.94%,-0.518,四條畷市
27230,-0.90%,-0.77%,1.99%,-0.386,交野市
27231,0.17%,0.39%,1.90%,0.204,大阪狭山市
27232,-1.29%,-1.29%,1.24%,-1.043,阪南市
27301,0.99%,1.23%,7.17%,0.171,島本町
27321,-2.90%,-2.72%,6.55%,-0.415,豊能町
27322,-2.46%,-2.56%,1.24%,-2.063,能勢町
27341,-0.73%,-0.53%,1.63%,-0.326,忠岡町
27361,-0.77%,-0.75%,1.44%,-0.523,熊取町
27362,-0.45%,-0.40%,1.43%,-0.277,田尻町
27366,-2.68%,-2.75%,1.95%,-1.408,岬町
27381,-1.61%,-1.64%,1.37%,-1.199,太子町
27382,-1.67%,-1.59%,9.46%,-0.168,河南町
27383,-3.76%,-3.63%,1.96%,-1.854,千早赤阪村
28101,1.00%,1.48%,3.11%,0.474,神戸市東灘区
28102,1.74%,1.99%,3.66%,0.544,神戸市灘区
28105,0.38%,0.47%,2.12%,0.223,神戸市兵庫区
28106,0.03%,0.04%,1.74%,0.023,神戸市長田区
28107,0.03%,0.04%,2.72%,0.015,神戸市須磨区
28108,-0.11%,-0.06%,1.60%,-0.035,神戸市垂水区
28109,-0.58%,-0.51%,2.70%,-0.188,神戸市北区
28110,2.87%,3.49%,8.14%,0.429,神戸市中央区
28111,-0.48%,-0.48%,4.53%,-0.107,神戸市西区
28201,0.10%,0.12%,1.52%,0.079,姫路市
28202,0.24%,0.56%,2.61%,0.215,尼崎市
28203,0.19%,0.20%,2.33%,0.084,明石市
28204,1.04%,1.58%,3.20%,0.492,西宮市
28205,-3.86%,-3.73%,3.59%,-1.039,洲本市
28206,1.81%,2.41%,3.75%,0.641,芦屋市
28207,0.54%,0.71%,1.97%,0.359,伊丹市
28208,-2.18%,-2.08%,1.09%,-1.912,相生市
28209,-2.38%,-2.45%,1.62%,-1.516,豊岡市
28210,0.79%,0.67%,2.80%,0.239,加古川市
28212,-1.88%,-1.85%,0.49%,-3.765,赤穂市
28213,-1.93%,-2.09%,1.68%,-1.243,西脇市
28214,0.15%,0.34%,2.06%,0.166,宝塚市
28215,-0.21%,-0.47%,3.72%,-0.125,三木市
28216,-0.08%,-0.12%,2.28%,-0.054,高砂市
28217,-0.65%,-0.50%,2.04%,-0.247,川西市
28218,0.83%,0.59%,4.61%,0.127,小野市
28219,-0.98%,-0.98%,3.84%,-0.256,三田市
28220,-0.31%,-0.37%,1.19%,-0.312,加西市
28221,0.28%,0.04%,7.13%,0.005,丹波篠山市
28222,-3.77%,-3.66%,1.55%,-2.368,養父市
28223,-2.40%,-2.45%,1.30%,-1.876,丹波市
28224,-2.86%,-2.95%,1.54%,-1.918,南あわじ市
28225,-3.82%,-3.71%,1.78%,-2.080,朝来市
28226,-3.47%,-3.51%,2.11%,-1.661,淡路市
28227,-2.13%,-2.13%,0.66%,-3.249,宍粟市
28228,-0.50%,-0.58%,3.86%,-0.151,加東市
28229,-1.89%,-1.76%,1.37%,-1.287,たつの市
28301,-2.12%,-2.27%,1.79%,-1.270,猪名川町
28365,-2.62%,-2.54%,2.11%,-1.206,多可町
28381,-0.32%,-0.43%,3.04%,-0.143,稲美町
28382,-0.10%,-0.10%,1.13%,-0.090,播磨町
28443,-2.14%,-1.27%,5.45%,-0.233,福崎町
28464,-0.63%,-0.61%,1.84%,-0.334,太子町
28481,-4.82%,-4.62%,2.56%,-1.808,上郡町
28501,-2.07%,-1.95%,1.06%,-1.832,佐用町
28585,-5.78%,-5.68%,1.48%,-3.847,香美町
28586,-4.27%,-4.21%,1.66%,-2.543,新温泉町
29201,1.06%,1.16%,3.33%,0.348,奈良市
29202,-1.18%,-1.12%,1.35%,-0.830,大和高田市
29203,-0.53%,-0.46%,1.00%,-0.461,大和郡山市
29204,-1.18%,-1.10%,2.02%,-0.545,天理市
29205,-0.30%,-0.15%,1.88%,-0.080,橿原市
29206,-1.19%,-1.17%,2.39%,-0.491,桜井市
29207,-2.74%,-2.60%,1.49%,-1.748,五條市
29208,-1.85%,-1.85%,1.04%,-1.782,御所市
29209,0.18%,0.38%,2.33%,0.162,生駒市
29210,0.12%,0.16%,1.70%,0.093,香芝市
29211,-1.36%,-1.29%,3.00%,-0.432,葛城市
29212,-1.86%,-1.83%,1.90%,-0.962,宇陀市
29342,-2.18%,-2.00%,2.32%,-0.861,平群町
29343,-2.41%,-2.22%,1.41%,-1.576,三郷町
29344,-0.19%,-0.17%,1.77%,-0.096,斑鳩町
29345,-1.55%,-1.42%,1.87%,-0.762,安堵町
29361,-1.89%,-1.76%,3.72%,-0.471,川西町
29362,-1.15%,-1.07%,1.14%,-0.932,三宅町
29363,-1.17%,-1.04%,1.44%,-0.719,田原本町
29401,-2.13%,-2.10%,1.06%,-1.979,高取町
29402,-0.82%,-0.85%,1.01%,-0.836,明日香村
29424,-2.18%,-2.06%,1.26%,-1.630,上牧町
29425,-0.05%,0.01%,2.01%,0.006,王寺町
29426,-0.36%,-0.26%,1.92%,-0.133,広陵町
29427,-1.98%,-1.75%,1.27%,-1.372,河合町
29441,-2.50%,-2.44%,5.15%,-0.474,吉野町
29442,-2.98%,-2.90%,0.91%,-3.188,大淀町
29443,-2.75%,-2.69%,0.70%,-3.842,下市町
30201,-0.86%,-0.76%,1.67%,-0.456,和歌山市
30202,-2.28%,-2.78%,2.71%,-1.028,海南市
30203,-2.55%,-2.51%,1.59%,-1.585,橋本市
30204,-3.79%,-3.77%,1.29%,-2.921,有田市
30205,-3.10%,-3.19%,3.81%,-0.838,御坊市
30206,-1.29%,-1.50%,3.17%,-0.473,田辺市
30207,-3.47%,-3.54%,3.30%,-1.073,新宮市
30208,-3.57%,-3.65%,2.07%,-1.762,紀の川市
30209,-1.91%,-2.00%,2.47%,-0.810,岩出市
30341,-2.88%,-2.80%,1.19%,-2.357,かつらぎ町
30343,-2.82%,-2.75%,0.77%,-3.557,九度山町
30344,-2.64%,-2.49%,1.91%,-1.305,高野町
30361,-4.85%,-4.71%,2.51%,-1.876,湯浅町
30366,-1.99%,-1.91%,2.79%,-0.686,有田川町
30381,-3.98%,-3.91%,1.37%,-2.853,美浜町
30383,-3.92%,-3.91%,1.28%,-3.056,由良町
30391,-3.22%,-3.22%,1.74%,-1.852,みなべ町
30401,-2.25%,-2.37%,2.48%,-0.953,白浜町
30404,-2.17%,-2.28%,2.39%,-0.955,上富田町
30406,-3.35%,-3.35%,1.46%,-2.292,すさみ町
30421,-4.23%,-3.11%,6.39%,-0.487,那智勝浦町
30422,-4.32%,-4.28%,2.42%,-1.770,太地町
30428,-2.40%,-2.55%,6.61%,-0.386,串本町
31201,-2.55%,-2.60%,1.95%,-1.330,鳥取市
31202,-2.54%,-2.59%,2.38%,-1.091,米子市
31203,-3.29%,-3.32%,2.27%,-1.460,倉吉市
31204,-1.93%,-1.99%,3.44%,-0.579,境港市
31302,-2.63%,-2.80%,1.96%,-1.427,岩美町
31325,-3.99%,-4.00%,1.01%,-3.969,若桜町
31328,-4.37%,-4.38%,0.90%,-4.866,智頭町
31329,-2.20%,-2.20%,1.96%,-1.121,八頭町
31364,-3.56%,-3.56%,1.09%,-3.251,三朝町
31370,-3.03%,-3.12%,3.22%,-0.967,湯梨浜町
31371,-2.60%,-2.74%,1.98%,-1.385,琴浦町
31372,-2.40%,-2.54%,3.57%,-0.713,北栄町
31384,-1.16%,-1.72%,3.73%,-0.461,日吉津村
32201,-1.73%,-1.81%,2.56%,-0.707,松江市
32202,-1.98%,-2.12%,2.55%,-0.830,浜田市
32203,-2.53%,-2.43%,3.76%,-0.646,出雲市
32204,-2.65%,-2.66%,2.85%,-0.934,益田市
32205,-2.43%,-2.36%,2.18%,-1.082,大田市
32206,-2.17%,-1.78%,2.08%,-0.858,安来市
32207,-1.34%,-1.46%,2.77%,-0.528,江津市
32209,-0.84%,-0.78%,2.18%,-0.360,雲南市
32304,-1.62%,-1.53%,0.33%,-4.634,
32343,-1.88%,-1.96%,1.30%,-1.511,奥出雲町
32401,-2.63%,-2.26%,1.15%,-1.962,
32441,-4.41%,-4.34%,1.40%,-3.109,川本町
32501,-3.23%,-3.18%,1.65%,-1.927,津和野町
32505,-3.29%,-3.21%,2.21%,-1.451,吉賀町
32528,-3.57%,-3.75%,1.69%,-2.223,隠岐の島町
33101,1.98%,1.71%,2.36%,0.724,岡山市北区
33102,0.86%,0.67%,1.81%,0.368,岡山市中区
33103,-0.41%,-0.67%,1.31%,-0.509,岡山市東区
33104,-0.13%,-0.27%,1.30%,-0.207,岡山市南区
33201,-0.78%,-0.53%,0.35%,-1.489,
33202,-0.34%,-0.32%,1.64%,-0.193,倉敷市
33203,-2.16%,-2.08%,1.32%,-1.572,津山市
33204,-1.26%,-1.38%,1.67%,-0.824,玉野市
33205,-1.74%,-1.55%,1.43%,-1.084,笠岡市
33207,-3.26%,-3.32%,3.03%,-1.098,井原市
33208,-1.16%,-1.18%,2.28%,-0.517,総社市
33209,-1.86%,-1.89%,0.53%,-3.560,高梁市
33210,-2.19%,-2.14%,0.88%,-2.443,新見市
33211,-2.77%,-2.78%,0.84%,-3.307,備前市
33212,-2.63%,-2.35%,0.80%,-2.951,瀬戸内市
33213,-1.39%,-1.58%,1.47%,-1.072,赤磐市
33214,-2.32%,-2.33%,1.02%,-2.285,真庭市
33215,-0.14%,-0.28%,10.53%,-0.027,美作市
33216,-1.48%,-1.43%,1.17%,-1.221,浅口市
33346,-2.33%,-2.47%,1.27%,-1.949,和気町
33423,0.43%,0.38%,1.36%,0.283,早島町
33445,-1.08%,-1.07%,1.13%,-0.948,里庄町
33461,-1.41%,-1.42%,1.15%,-1.227,矢掛町
33606,-1.88%,-1.95%,1.83%,-1.066,鏡野町
33622,-3.14%,-3.08%,6.26%,-0.491,勝央町
33681,-3.73%,-3.72%,8.00%,-0.464,吉備中央町
34101,3.21%,3.43%,4.84%,0.709,広島市中区
34102,2.31%,2.18%,3.56%,0.614,広島市東区
34103,3.38%,3.25%,7.73%,0.420,広島市南区
34104,1.24%,1.25%,2.87%,0.434,広島市西区
34105,1.20%,1.09%,2.05%,0.534,広島市安佐南区
34106,-0.71%,-0.86%,2.13%,-0.403,広島市安佐北区
34107,-0.13%,-0.24%,1.91%,-0.126,広島市安芸区
34108,0.90%,0.75%,2.57%,0.293,広島市佐伯区
34202,-1.60%,-1.77%,3.04%,-0.583,呉市
34203,-3.77%,-3.76%,2.56%,-1.471,竹原市
34204,-2.84%,-2.89%,1.62%,-1.783,三原市
34205,-2.26%,-2.24%,1.66%,-1.353,尾道市
34207,-0.71%,-0.69%,2.14%,-0.323,福山市
34208,-3.13%,-3.12%,1.59%,-1.958,府中市
34209,-1.57%,-1.56%,3.07%,-0.509,三次市
34210,-3.03%,-2.97%,0.75%,-3.933,庄原市
34211,-1.93%,-1.92%,2.07%,-0.929,大竹市
34212,0.26%,0.31%,2.83%,0.110,東広島市
34213,0.17%,-0.06%,3.14%,-0.019,廿日市市
34214,-0.56%,-0.58%,11.00%,-0.053,安芸高田市
34215,-7.20%,-7.06%,2.30%,-3.073,江田島市
34302,1.60%,1.50%,3.18%,0.473,府中町
34304,1.76%,1.62%,2.50%,0.648,海田町
34307,-1.79%,-1.71%,1.32%,-1.301,熊野町
34309,-0.97%,-0.91%,1.58%,-0.577,坂町
34369,-2.36%,-2.45%,1.42%,-1.724,北広島町
34462,-3.14%,-3.16%,3.26%,-0.969,世羅町
35201,-1.39%,-1.35%,2.22%,-0.609,下関市
35202,-2.44%,-1.89%,3.48%,-0.543,宇部市
35203,-0.69%,-0.77%,4.26%,-0.181,山口市
35204,-3.80%,-3.81%,3.22%,-1.186,萩市
35206,-2.67%,-2.75%,3.39%,-0.811,防府市
35207,-1.42%,-1.54%,2.33%,-0.662,下松市
35208,-1.14%,-1.33%,2.13%,-0.623,岩国市
35210,-1.07%,-1.30%,2.64%,-0.492,光市
35211,-2.99%,-3.00%,4.74%,-0.633,長門市
35212,-2.95%,-2.93%,3.14%,-0.934,柳井市
35213,-3.45%,-3.40%,3.40%,-0.999,美祢市
35215,-2.11%,-2.28%,3.01%,-0.756,周南市
35216,-1.54%,-1.62%,2.63%,-0.616,山陽小野田市
35305,-1.37%,-0.99%,1.75%,-0.563,周防大島町
35321,-0.91%,-0.88%,1.83%,-0.480,和木町
35343,-1.93%,-2.00%,1.80%,-1.109,田布施町
35344,-1.59%,-1.54%,1.17%,-1.319,平生町
35462,N/A,N/A,N/A,N/A,
36201,-2.11%,-2.02%,2.99%,-0.676,徳島市
36202,-3.17%,-3.28%,4.34%,-0.755,鳴門市
36203,-3.03%,-2.97%,2.68%,-1.108,小松島市
36204,-2.09%,-2.28%,3.12%,-0.731,阿南市
36205,-1.88%,-2.06%,4.37%,-0.471,吉野川市
36207,-4.23%,-4.15%,2.18%,-1.905,美馬市
36208,-4.70%,-4.81%,2.69%,-1.786,三好市
36341,-2.86%,-2.96%,3.13%,-0.944,石井町
36383,-5.50%,-5.98%,2.99%,-1.999,牟岐町
36387,-5.92%,-5.98%,4.52%,-1.325,美波町
36401,-2.89%,-3.01%,3.21%,-0.938,松茂町
36402,-1.24%,-1.46%,2.38%,-0.613,北島町
36403,-0.02%,-0.38%,7.28%,-0.052,藍住町
36404,-7.35%,-7.20%,1.01%,-7.136,板野町
36468,-5.69%,-5.61%,6.35%,-0.883,つるぎ町
37201,-0.77%,-0.90%,3.00%,-0.300,高松市
37202,-2.28%,-2.54%,2.50%,-1.014,丸亀市
37203,-3.00%,-3.31%,2.66%,-1.245,坂出市
37204,-3.32%,-3.61%,3.27%,-1.102,善通寺市
37205,-2.44%,-2.54%,2.60%,-0.977,観音寺市
37206,-2.94%,-3.20%,2.46%,-1.300,さぬき市
37207,-2.98%,-3.25%,2.32%,-1.400,東かがわ市
37208,-1.75%,-1.89%,2.38%,-0.792,三豊市
37322,-2.90%,-2.95%,1.35%,-2.179,土庄町
37324,-2.53%,-2.67%,3.97%,-0.671,小豆島町
37341,-2.46%,-2.89%,2.88%,-1.001,三木町
37386,-2.07%,-2.24%,2.21%,-1.015,宇多津町
37387,-2.47%,-2.64%,1.97%,-1.343,綾川町
37403,-3.27%,-3.79%,3.32%,-1.143,琴平町
37404,-2.81%,-3.00%,2.18%,-1.374,多度津町
37406,-2.72%,-2.98%,2.54%,-1.172,まんのう町
38201,-0.06%,0.04%,1.66%,0.025,松山市
38202,-1.98%,-2.00%,1.82%,-1.096,今治市
38203,-2.14%,-1.98%,2.58%,-0.765,宇和島市
38204,-2.47%,-2.52%,4.10%,-0.615,八幡浜市
38205,-1.44%,-1.44%,0.99%,-1.453,新居浜市
38206,-1.86%,-1.89%,2.32%,-0.812,西条市
38207,-3.20%,-3.26%,1.24%,-2.627,大洲市
38210,-2.02%,-2.06%,1.72%,-1.194,伊予市
38213,-1.09%,-1.08%,1.75%,-0.618,四国中央市
38214,-2.22%,-1.91%,1.50%,-1.280,西予市
38215,-1.86%,-1.85%,1.41%,-1.316,東温市
38386,-3.49%,-3.51%,1.07%,-3.283,久万高原町
38401,-0.17%,0.44%,3.32%,0.133,松前町
38402,-0.90%,-0.97%,1.29%,-0.755,砥部町
38422,-2.56%,-2.32%,1.60%,-1.453,内子町
38488,-2.85%,-2.89%,0.95%,-3.031,鬼北町
38506,-2.65%,-2.59%,3.47%,-0.748,愛南町
39201,-2.69%,-2.76%,3.51%,-0.786,高知市
39202,-3.95%,-4.21%,3.36%,-1.253,室戸市
39203,-4.02%,-4.21%,3.66%,-1.151,安芸市
39204,-2.69%,-2.74%,3.18%,-0.862,南国市
39205,-3.21%,-3.33%,2.90%,-1.148,土佐市
39206,-3.95%,-4.18%,3.07%,-1.363,須崎市
39208,-4.24%,-4.37%,3.20%,-1.367,宿毛市
39209,-4.30%,-4.40%,2.90%,-1.515,土佐清水市
39210,-2.19%,-2.33%,3.95%,-0.590,四万十市
39211,-1.96%,-2.00%,2.45%,-0.817,香南市
39212,-1.79%,-1.90%,2.43%,-0.781,香美市
39301,-3.83%,-3.81%,2.75%,-1.389,東洋町
39303,-8.86%,-8.62%,1.87%,-4.616,田野町
39341,-2.72%,-2.85%,2.55%,-1.116,本山町
39363,-1.40%,-1.55%,5.84%,-0.266,土佐町
39386,-1.92%,-1.48%,2.77%,-0.535,いの町
39401,-3.19%,-3.32%,2.52%,-1.321,中土佐町
39402,-2.51%,-2.66%,2.90%,-0.917,佐川町
39403,-2.58%,-2.78%,3.17%,-0.875,越知町
39412,-2.13%,-2.25%,2.09%,-1.079,四万十町
39428,-2.24%,-1.84%,2.40%,-0.764,黒潮町
40101,-0.32%,-0.36%,1.38%,-0.260,北九州市門司区
40103,-0.91%,-1.09%,2.10%,-0.520,北九州市若松区
40105,-0.31%,-0.42%,1.97%,-0.211,北九州市戸畑区
40106,0.34%,0.13%,5.21%,0.025,北九州市小倉北区
40107,-0.49%,-0.60%,1.88%,-0.320,北九州市小倉南区
40108,-0.80%,-0.99%,2.65%,-0.373,北九州市八幡東区
40109,-0.65%,-0.87%,2.54%,-0.342,北九州市八幡西区
40131,3.52%,3.34%,5.68%,0.587,福岡市東区
40132,6.73%,7.77%,10.35%,0.751,福岡市博多区
40133,3.74%,4.75%,9.19%,0.517,福岡市中央区
40134,3.99%,4.01%,3.93%,1.020,福岡市南区
40135,2.44%,2.37%,4.70%,0.505,福岡市西区
40136,3.04%,3.04%,3.43%,0.885,福岡市城南区
40137,3.92%,3.85%,4.15%,0.927,福岡市早良区
40202,-2.38%,-2.45%,1.70%,-1.442,大牟田市
40203,0.27%,0.19%,3.17%,0.061,久留米市
40204,-1.79%,-1.95%,2.80%,-0.698,直方市
40205,-1.38%,-1.59%,3.41%,-0.467,飯塚市
40206,-2.07%,-2.29%,2.30%,-0.993,田川市
40207,-1.67%,-1.92%,2.94%,-0.653,柳川市
40210,-3.73%,-3.85%,5.92%,-0.651,八女市
40211,-0.10%,-0.33%,3.04%,-0.108,筑後市
40212,-2.15%,-2.45%,5.56%,-0.440,大川市
40213,-0.88%,-1.11%,2.37%,-0.469,行橋市
40214,-2.00%,-2.20%,1.42%,-1.550,豊前市
40215,-1.04%,-1.14%,1.35%,-0.848,中間市
40216,0.05%,-0.10%,4.67%,-0.021,小郡市
40217,2.85%,2.64%,4.56%,0.579,筑紫野市
40218,3.49%,3.31%,3.99%,0.829,春日市
40219,4.19%,3.91%,6.10%,0.641,大野城市
40220,0.48%,0.24%,3.11%,0.076,宗像市
40221,2.46%,2.30%,3.77%,0.611,太宰府市
40222,-3.38%,-3.34%,0.05%,-66.336,
40223,1.38%,1.14%,4.80%,0.238,古賀市
40224,1.05%,0.91%,5.12%,0.177,福津市
40226,-1.84%,-1.87%,1.89%,-0.993,宮若市
40227,-1.94%,-2.13%,1.31%,-1.626,嘉麻市
40228,-1.22%,-1.44%,5.11%,-0.281,朝倉市
40229,-1.39%,-1.91%,2.49%,-0.765,みやま市
40230,2.13%,1.70%,4.06%,0.420,糸島市
40231,3.62%,4.20%,2.19%,1.917,那珂川市
40305,0.44%,0.32%,1.69%,0.189,
40341,0.96%,0.82%,3.87%,0.212,宇美町
40342,2.06%,1.80%,4.19%,0.429,篠栗町
40343,1.90%,1.83%,4.42%,0.415,志免町
40344,2.30%,2.04%,5.21%,0.392,須恵町
40345,2.72%,2.48%,4.43%,0.561,新宮町
40348,-0.47%,-0.48%,3.99%,-0.120,久山町
40349,2.42%,2.22%,4.04%,0.549,粕屋町
40381,-2.41%,-2.52%,2.60%,-0.970,芦屋町
40382,-0.89%,-1.11%,2.41%,-0.459,水巻町
40383,-0.74%,-1.03%,2.83%,-0.363,岡垣町
40384,-0.92%,-1.10%,1.76%,-0.625,遠賀町
40401,-1.56%,-1.54%,0.93%,-1.660,小竹町
40402,-0.73%,-0.79%,1.00%,-0.786,鞍手町
40421,-2.13%,-2.29%,1.83%,-1.250,桂川町
40447,-1.02%,-1.16%,3.96%,-0.292,筑前町
40462,-4.43%,-4.56%,0.19%,-23.771,
40463,-2.93%,-2.57%,0.51%,-5.002,
40503,-0.82%,-0.94%,2.48%,-0.377,大刀洗町
40541,-3.77%,-3.11%,1.32%,-2.362,
40543,-3.48%,-3.47%,0.22%,-15.547,
40544,-1.91%,-2.03%,2.91%,-0.698,広川町
40602,-1.59%,-1.56%,0.69%,-2.258,添田町
40605,-1.37%,-1.43%,0.73%,-1.953,川崎町
40621,-0.77%,-1.07%,2.58%,-0.416,苅田町
40625,-1.57%,-1.52%,0.65%,-2.318,みやこ町
40642,-1.27%,-1.40%,1.24%,-1.129,吉富町
40647,-1.47%,-1.55%,0.62%,-2.510,築上町
41201,-0.27%,-0.45%,4.32%,-0.105,佐賀市
41202,-1.93%,-1.97%,3.14%,-0.627,唐津市
41203,0.04%,-0.12%,2.92%,-0.042,鳥栖市
41204,-3.13%,-3.09%,2.18%,-1.418,多久市
41205,-2.60%,-2.64%,2.41%,-1.094,伊万里市
41206,-2.03%,-2.07%,1.65%,-1.257,武雄市
41207,-2.81%,-2.77%,2.05%,-1.348,鹿島市
41208,-1.64%,-1.68%,1.69%,-0.994,小城市
41209,-3.10%,-3.20%,4.28%,-0.749,嬉野市
41210,-2.47%,-2.40%,1.24%,-1.944,神埼市
41327,-1.16%,-1.16%,1.98%,-0.587,吉野ヶ里町
41341,-0.87%,-0.98%,3.62%,-0.270,基山町
41345,-1.50%,-1.46%,2.33%,-0.626,上峰町
41346,-2.12%,-2.11%,1.72%,-1.226,みやき町
41401,-1.83%,-1.84%,1.32%,-1.403,有田町
41425,-2.12%,-2.07%,1.38%,-1.496,白石町
42201,1.95%,2.09%,2.84%,0.737,長崎市
42202,-0.69%,-0.87%,2.46%,-0.355,佐世保市
42203,-3.34%,-2.79%,4.06%,-0.687,島原市
42204,-1.26%,-1.40%,2.61%,-0.537,諫早市
42205,-1.09%,-1.16%,2.77%,-0.421,大村市
42207,-2.43%,-2.69%,2.23%,-1.204,平戸市
42208,-3.03%,-3.43%,3.31%,-1.036,松浦市
42209,0.54%,0.32%,17.20%,0.018,対馬市
42210,-3.34%,-3.27%,1.32%,-2.484,壱岐市
42211,-5.16%,-4.68%,2.69%,-1.742,五島市
42212,-2.34%,-2.30%,0.65%,-3.526,西海市
42213,-2.51%,-2.69%,0.99%,-2.722,雲仙市
42214,-3.68%,-3.73%,0.62%,-6.021,南島原市
42307,-0.77%,-0.95%,2.07%,-0.457,長与町
42308,0.45%,0.31%,3.09%,0.099,時津町
42321,-3.45%,-3.35%,2.45%,-1.370,東彼杵町
42322,-2.41%,-2.72%,3.13%,-0.869,川棚町
42323,-1.68%,-1.83%,1.79%,-1.020,波佐見町
42388,-6.90%,-7.01%,0.24%,-29.684,
42389,-5.07%,-5.05%,0.23%,-21.925,
42391,-0.85%,-1.07%,4.81%,-0.222,佐々町
42411,-4.04%,-4.14%,1.98%,-2.096,新上五島町
43101,4.14%,3.91%,4.72%,0.829,熊本市中央区
43102,1.18%,1.37%,1.79%,0.763,熊本市東区
43103,1.72%,1.53%,1.76%,0.871,熊本市西区
43104,2.77%,2.66%,2.80%,0.951,熊本市南区
43105,0.63%,0.69%,1.43%,0.486,熊本市北区
43201,-3.40%,-1.60%,4.29%,-0.372,
43202,-2.01%,-2.31%,2.15%,-1.072,八代市
43203,-4.47%,-4.69%,2.84%,-1.653,人吉市
43204,-0.66%,-0.83%,2.79%,-0.297,荒尾市
43205,-2.28%,-2.56%,2.40%,-1.066,水俣市
43206,-0.83%,-1.22%,5.33%,-0.229,玉名市
43208,-2.02%,-2.12%,1.74%,-1.222,山鹿市
43210,-2.24%,-2.39%,2.36%,-1.012,菊池市
43211,-0.43%,-0.65%,4.40%,-0.148,宇土市
43213,0.11%,-0.13%,1.74%,-0.076,宇城市
43214,-3.00%,-3.20%,2.37%,-1.351,阿蘇市
43215,-1.80%,-2.23%,3.83%,-0.582,天草市
43216,1.36%,1.23%,4.72%,0.261,合志市
43341,-4.80%,-4.17%,1.14%,-3.666,
43342,N/A,N/A,N/A,N/A,
43368,-2.75%,-2.80%,2.13%,-1.318,長洲町
43385,-3.71%,-4.11%,0.77%,-5.327,
43403,1.00%,0.62%,4.86%,0.128,大津町
43404,2.66%,2.36%,5.99%,0.395,菊陽町
43441,-1.62%,-1.87%,3.60%,-0.519,御船町
43442,1.00%,0.81%,2.38%,0.338,嘉島町
43443,-0.03%,-0.51%,4.25%,-0.120,益城町
43482,-1.96%,-2.02%,1.42%,-1.419,芦北町
44201,0.52%,0.57%,3.51%,0.162,大分市
44202,-1.31%,-1.28%,2.17%,-0.589,別府市
44203,-2.90%,-2.89%,5.09%,-0.567,中津市
44204,-1.73%,-1.82%,1.90%,-0.954,日田市
44205,-2.54%,-2.74%,1.81%,-1.517,佐伯市
44206,-2.48%,-2.39%,1.47%,-1.632,臼杵市
44207,-3.53%,-3.57%,5.00%,-0.715,津久見市
44208,-2.51%,-2.72%,2.06%,-1.320,竹田市
44209,-1.86%,-1.92%,1.31%,-1.463,豊後高田市
44210,-1.50%,-1.62%,2.45%,-0.662,杵築市
44211,-1.84%,-1.92%,2.33%,-0.826,宇佐市
44212,-1.61%,-1.83%,1.62%,-1.126,豊後大野市
44213,1.48%,1.25%,10.51%,0.119,由布市
44214,-1.95%,-2.05%,4.23%,-0.485,国東市
44341,-0.73%,-1.14%,5.51%,-0.206,日出町
44462,-1.99%,-2.03%,1.19%,-1.707,玖珠町
45201,-0.97%,-0.95%,1.80%,-0.531,宮崎市
45202,-1.67%,-1.71%,2.99%,-0.571,都城市
45203,-1.13%,-1.13%,1.26%,-0.903,延岡市
45204,-3.29%,-3.35%,2.72%,-1.229,日南市
45205,-2.84%,-2.80%,2.25%,-1.248,小林市
45206,-0.89%,-0.91%,0.89%,-1.028,日向市
45207,-3.27%,-3.51%,1.45%,-2.426,串間市
45208,-1.73%,-1.59%,1.38%,-1.154,西都市
45209,-3.27%,-3.24%,1.36%,-2.388,えびの市
45301,-2.10%,-1.89%,0.47%,-4.023,
45322,-4.17%,-3.74%,0.61%,-6.139,
45341,-0.46%,-0.51%,3.68%,-0.140,三股町
45361,-3.75%,-3.69%,0.47%,-7.779,高原町
45382,-1.65%,-1.81%,1.07%,-1.696,国富町
45383,-0.67%,-0.69%,0.67%,-1.027,綾町
45401,-2.71%,-2.69%,1.24%,-2.163,高鍋町
45402,-2.11%,-2.07%,1.01%,-2.060,新富町
45405,-1.65%,-1.64%,1.08%,-1.520,川南町
45406,-1.51%,-1.48%,0.47%,-3.148,都農町
45421,-0.94%,-0.90%,0.66%,-1.364,門川町
45441,-1.76%,-1.73%,1.90%,-0.913,高千穂町
46201,0.27%,0.32%,1.97%,0.162,鹿児島市
46203,-2.84%,-2.96%,2.75%,-1.074,鹿屋市
46204,-4.59%,-4.72%,2.30%,-2.054,枕崎市
46206,-4.60%,-4.76%,3.60%,-1.322,阿久根市
46208,-3.55%,-3.54%,1.99%,-1.781,出水市
46209,N/A,N/A,N/A,N/A,
46210,-3.22%,-3.21%,1.44%,-2.225,指宿市
46213,-2.92%,-2.98%,1.96%,-1.515,西之表市
46214,-3.47%,-3.61%,2.40%,-1.503,垂水市
46215,-2.22%,-2.42%,1.65%,-1.466,薩摩川内市
46216,-2.04%,-2.12%,2.87%,-0.740,日置市
46217,-4.84%,-4.85%,3.14%,-1.545,曽於市
46218,-2.70%,-2.96%,2.05%,-1.440,霧島市
46219,-3.64%,-3.62%,0.71%,-5.127,いちき串木野市
46220,-2.78%,-2.99%,1.67%,-1.788,南さつま市
46221,-3.35%,-2.89%,3.21%,-0.898,志布志市
46222,-0.61%,-0.80%,4.20%,-0.190,奄美市
46223,-3.40%,-3.42%,1.59%,-2.148,南九州市
46224,-3.21%,-3.43%,2.81%,-1.219,伊佐市
46225,-2.04%,-2.32%,1.76%,-1.321,姶良市
46392,-3.31%,-3.30%,0.89%,-3.703,さつま町
46421,N/A,N/A,N/A,N/A,
46441,-6.08%,-6.14%,0.37%,-16.652,
46442,-5.78%,-5.19%,1.52%,-3.412,
46443,-1.93%,-2.00%,0.12%,-16.469,
46452,-3.18%,-3.17%,6.03%,-0.526,湧水町
46468,-6.82%,-6.80%,11.58%,-0.587,大崎町
46490,-5.47%,-5.47%,2.31%,-2.366,錦江町
46491,-5.08%,-5.02%,1.83%,-2.738,南大隅町
46492,-4.50%,-4.56%,2.03%,-2.244,肝付町
46501,-4.93%,-4.77%,1.97%,-2.424,中種子町
46502,-4.11%,-3.98%,1.51%,-2.647,南種子町
46505,-4.59%,-4.44%,4.44%,-1.001,屋久島町
46525,-2.65%,-2.66%,2.50%,-1.063,瀬戸内町
46527,0.04%,-0.01%,2.99%,-0.002,龍郷町
46529,-1.53%,-1.50%,1.12%,-1.335,喜界町
46530,-1.84%,-1.84%,0.92%,-2.000,徳之島町
46531,-2.28%,-2.23%,0.84%,-2.646,天城町
46533,-3.70%,-3.64%,0.73%,-5.011,和泊町
46534,-3.48%,-3.40%,0.72%,-4.707,知名町
47201,3.49%,3.59%,6.54%,0.549,那覇市
47205,2.88%,2.59%,4.68%,0.554,宜野湾市
47207,1.15%,1.25%,3.82%,0.327,石垣市
47208,2.93%,2.72%,4.02%,0.677,浦添市
47209,-0.24%,-0.24%,0.97%,-0.252,名護市
47210,2.92%,2.56%,4.69%,0.545,糸満市
47211,2.16%,1.90%,3.73%,0.509,沖縄市
47212,2.87%,2.59%,4.67%,0.554,豊見城市
47213,1.56%,1.49%,2.56%,0.581,うるま市
47214,2.00%,2.54%,6.76%,0.375,宮古島市
47215,0.20%,0.02%,3.10%,0.006,南城市
47308,-0.27%,-0.37%,2.92%,-0.127,本部町
47311,-1.18%,-0.58%,1.53%,-0.380,恩納村
47324,2.87%,2.67%,5.37%,0.497,読谷村
47325,1.37%,1.25%,3.03%,0.412,嘉手納町
47326,3.85%,3.67%,4.83%,0.761,北谷町
47327,3.33%,2.91%,4.25%,0.686,北中城村
47328,8.20%,7.48%,37.92%,0.197,中城村
47329,2.54%,2.27%,3.38%,0.671,西原町
47348,1.71%,1.42%,4.17%,0.339,与那原町
47350,2.07%,1.85%,4.07%,0.456,南風原町
47362,2.06%,1.60%,6.62%,0.241,八重瀬町
